{
   "Description" : {
      "Id" : "movedef_ostscout_OTT-7J",
      "Name" : "MovementCapabilitiesDef for Ostscout OTT-7J",
      "Details" : "",
      "Icon" : ""
   },
   "MaxWalkDistance" : 210.0,
   "MaxSprintDistance" : 350.0,
   "WalkVelocity" : 22.0,
   "RunVelocity" : 28.0,
   "SprintVelocity" : 36.0,
   "LimpVelocity" : 8.0,
   "WalkAcceleration" : 25.0,
   "SprintAcceleration" : 40.0,
   "MaxRadialVelocity" : 480.0,
   "MaxRadialAcceleration" : 1600.0,
   "MaxJumpVel" : 80.0,
   "MaxJumpAccel" : 30.0,
   "MaxJumpVerticalAccel" : 60.0
}
