{
   "Description" : {
      "Id" : "movedef_thug_THG-10E",
      "Name" : "MovementCapabilitiesDef for Thug THG-10E",
      "Details" : "",
      "Icon" : ""
   },
   "MaxWalkDistance" : 120.0,
   "MaxSprintDistance" : 200.0,
   "WalkVelocity" : 22.0,
   "RunVelocity" : 32.0,
   "SprintVelocity" : 40.0,
   "LimpVelocity" : 8.0,
   "WalkAcceleration" : 12.0,
   "SprintAcceleration" : 18.0,
   "MaxRadialVelocity" : 60.0,
   "MaxRadialAcceleration" : 180.0,
   "MaxJumpVel" : 30.0,
   "MaxJumpAccel" : 15.0,
   "MaxJumpVerticalAccel" : 30.0
}
