{
   "Description" : {
      "Id" : "movedef_chameleon_CLN-7V",
      "Name" : "MovementCapabilitiesDef for Chameleon CLN-7V",
      "Details" : "",
      "Icon" : ""
   },
	"MaxWalkDistance": 180.0,
	"MaxSprintDistance": 270.0,
	"WalkVelocity": 22.0,
	"RunVelocity": 28.0,
	"SprintVelocity": 36.0,
	"LimpVelocity": 8.0,
	"WalkAcceleration": 25.0,
	"SprintAcceleration": 40.0,
	"MaxRadialVelocity": 45.0,
	"MaxRadialAcceleration": 60.0,
	"MaxJumpVel": 80.0,
	"MaxJumpAccel": 30.0,
	"MaxJumpVerticalAccel": 60.0
}
