{
   "Description" : {
      "Id" : "movedef_hornet_HNT-151",
      "Name" : "MovementCapabilitiesDef for Hornet HNT-151",
      "Details" : "",
      "Icon" : ""
   },
   "MaxWalkDistance" : 140.0,
   "MaxSprintDistance" : 240.0,
   "WalkVelocity" : 16.0,
   "RunVelocity" : 28.0,
   "SprintVelocity" : 32.0,
   "LimpVelocity" : 8.0,
   "WalkAcceleration" : 25.0,
   "SprintAcceleration" : 35.0,
   "MaxRadialVelocity" : 80.0,
   "MaxRadialAcceleration" : 240.0,
   "MaxJumpVel" : 50.0,
   "MaxJumpAccel" : 20.0,
   "MaxJumpVerticalAccel" : 45.0
}
