{
   "Description" : {
      "Id" : "movedef_marauder_MAD-BH",
      "Name" : "MovementCapabilitiesDef for Marauder Bounty Hunter",
      "Details" : "",
      "Icon" : ""
   },
   "MaxWalkDistance" : 95.0,
   "MaxSprintDistance" : 165.0,
   "WalkVelocity" : 20.0,
   "RunVelocity" : 28.0,
   "SprintVelocity" : 32.0,
   "LimpVelocity" : 8.0,
   "WalkAcceleration" : 12.0,
   "SprintAcceleration" : 18.0,
   "MaxRadialVelocity" : 20.0,
   "MaxRadialAcceleration" : 20.0,
   "MaxJumpVel" : 30.0,
   "MaxJumpAccel" : 15.0,
   "MaxJumpVerticalAccel" : 30.0
}
