{
   "Description" : {
      "Id" : "movedef_mackie_MSK-7A",
      "Name" : "MovementCapabilitiesDef for Mackie 7A",
      "Details" : "",
      "Icon" : ""
   },
   "MaxWalkDistance" : 95.0,
   "MaxSprintDistance" : 165.0,
   "WalkVelocity" : 28.0,
   "RunVelocity" : 30.0,
   "SprintVelocity" : 34.0,
   "LimpVelocity" : 12.0,
   "WalkAcceleration" : 35.0,
   "SprintAcceleration" : 45.0,
   "MaxRadialVelocity" : 240.0,
   "MaxRadialAcceleration" : 720.0,
   "MaxJumpVel" : 80.0,
   "MaxJumpAccel" : 30.0,
   "MaxJumpVerticalAccel" : 60.0
}
