{
    "Description" : {
        "Cost" : 0,
        "Rarity" : 0,
        "Purchasable" : true,
        "UIName" : "",
        "Id" : "argoUpgrade_drive1",
        "Name" : "Drive Repairs",
        "Details" : "The <i>Argo</i>'s drive was enough to get it off the surface of a low-gravity moon, but much of the supporting infrastructure was damaged in the escape, and running the drive at full power requires extensive repairs. Once the repairs are complete, the drive can generate 1.5 g of thrust.",
        "Icon" : "uixSvgIcon_shipUpgrade_drive1"
    },
    "Illustration" : "uixTxrSpot_ArgoDrive1",
    "Location" : "ENGINEERING",
    "Category" : "DRIVE_SYSTEM",
    "AssignedCastDefId": "castDef_FarahDefault",
    "AssignedCastDescription": "The Argo's drive is only operating at a fraction of its potential, Commander. With some time and materials, I believe I can boost the output of the secondary fusion reactors - to put it simply, I'll make the Argo go faster.",
    "RequiredModules" : {
        "items" : [
			"argoUpgrade_drive0",
			"argoUpgrade_power2",
			"argoUpgrade_structure1"
		],
        "tagSetSourceFile" : ""
    },
    "Requirements" : [
        
    ],
    "TechCost" : 15,
    "PurchaseCost" : 360000,
    "AdditionalCost" : 2400,
    "Tags" : {
        "items" : [
            "argo_drive1"
        ],
        "tagSetSourceFile" : ""
    },
    "Stats" : [
		{
			"typeString" : "System.Single",
			"name" : "DriveTravelMultiplier",
			"value" : 0.8,
			"set" : true,
			"valueConstant" : ""
		},
		{
			"typeString" : "System.Single",
			"name" : "DriveTravelMultiplier_Display",
			"value" : 20,
			"set" : true,
			"valueConstant" : ""
		} 		
    ],
	"Actions" : [
		{
			"Type" : "Ship_SetRepairState",
			"value" : "1",
			"additionalValues" : [
				"Drive"
			]
		}
	]
}