{
    "Description" : {
        "Cost" : 0,
        "Rarity" : 0,
        "Purchasable" : true,
        "UIName" : "",
        "Id" : "argoUpgrade_mechBay2",
        "Name" : "Mech Bay 2",
        "Details" : "<b>• A second 'Mech can be repaired simultaneously at 50% efficiency</b> \nThe repaired power conduits allow six more 'Mech cubicles to be powered up and made available. This also brings more of the Mech Bay's automated systems online, making Yang's job easier.",
        "Icon" : "uixSvgIcon_shipUpgrade_mechbay2"
    },
    "Illustration" : "uixTxrSpot_MechBay",
    "Location" : "MECH_BAY",
    "Category" : "MECH_BAY",
    "AssignedCastDefId": "castDef_YangDefault",
    "AssignedCastDescription": "We've got a lot of extra space in here, Commander. It's just full of junk and pirate garbage, and half of the walls are missing. I could pull my engineers off 'Mech duties and we could probably get another six 'Mech cubicles online. Just say the word.",
    "RequiredModules" : {
        "items" : [
            "argoUpgrade_mechBay1",
            "argoUpgrade_power1"
        ],
        "tagSetSourceFile" : ""
    },
    "Requirements" : [
        
    ],
    "TechCost" : 20,
    "PurchaseCost" : 900000,
    "AdditionalCost" : 25000,
    "Tags" : {
        "items" : [
            "argo_mechBay2"
        ],
        "tagSetSourceFile" : ""
    },
    "Stats" : [
		{
			"typeString" : "System.Int32",
			"name" : "MechBayPods",
			"value" : 2,
			"set" : true,
			"valueConstant" : ""
		},
		{
			"typeString" : "System.Int32",
			"name" : "MechBayPods_Display",
			"value" : 12,
			"set" : true,
			"valueConstant" : ""
		},
 		{
			"typeString" : "System.Int32",
			"name" : "MechTechSkill",
			"value" : 0,
			"valueConstant" : ""
		}       
    ]
}