{
    "Description" : {
        "Cost" : 0,
        "Rarity" : 0,
        "Purchasable" : true,
        "UIName" : "",
        "Id" : "argoUpgrade_mechBay_automation2",
        "Name" : "Improved Automation",
        "Details" : "<b>• Allows Repair Bay 3 in Mech Bay 3 to repair at 100% efficiency.</b>\n\nRepairs to the Mech Bay have unearthed a much more extensive system of 'Mech maintenance automation than Yang previously suspected. Once it's back online, many common tasks will become trivial.",
        "Icon" : "uixSvgIcon_shipUpgrade_automationUpgrade"
    },
    "Illustration" : "uixTxrSpot_YangWorking",
    "Location" : "MECH_BAY",
    "Category" : "REPAIR_REFIT",
    "AssignedCastDefId": "castDef_YangDefault",
    "AssignedCastDescription": "There's machines hidden in the walls, under the floor panels—I don't even know what half of it does. But I turned one on and it built a 'Mech leg before I was able to shut it off. We make these work, we'll be moving 'Mechs out of repair in record time.",
    "RequiredModules" : {
        "items" : [
            "argoUpgrade_mechBay_automation1",
			"argoUpgrade_mechBay2",
			"argoUpgrade_structure1"
        ],
        "tagSetSourceFile" : ""
    },
    "Requirements" : [
        
    ],
    "TechCost" : 20,
    "PurchaseCost" : 130000,
    "AdditionalCost" : 25000,
    "Tags" : {
        "items" : [
            "argo_mechBay_automation2"
        ],
        "tagSetSourceFile" : ""
    },
    "Stats" : [
 		{
			"typeString" : "System.Int32",
			"name" : "MechTechSkill",
			"value" : 2000,
			"valueConstant" : ""
		}       
    ]
}