{
    "Description" : {
        "Cost" : 0,
        "Rarity" : 0,
        "Purchasable" : true,
        "UIName" : "",
        "Id" : "argoUpgrade_mechBay1",
        "Name" : "Mech Bay 1",
        "Details" : "The <i>Argo</i>'s Mech Bay is vast, spacious, and meant to be entirely managed by complex automation. Currently, six of the 18 total 'Mech cubicles are powered and in working order, and almost none of the automation.",
        "Icon" : "uixSvgIcon_shipUpgrade_mechbay1"
    },
    "Illustration" : "uixTxrSpot_MechBay",
    "Location" : "MECH_BAY",
    "Category" : "MECH_BAY",
    "AssignedCastDefId": "castDef_FarahDefault",
    "AssignedCastDescription": "",
    "RequiredModules" : {
        "items" : [
      
        ],
        "tagSetSourceFile" : ""
    },
    "Requirements" : [
        
    ],
    "TechCost" : 0,
    "PurchaseCost" : 0,
    "AdditionalCost" : 0,
    "Tags" : {
        "items" : [
            "argo_mechBay1"
        ],
        "tagSetSourceFile" : ""
    },
    "Stats" : [
		{
			"typeString" : "System.Int32",
			"name" : "MechBayPods",
			"value" : 1,
			"set" : true,
			"valueConstant" : ""
		},
		{
			"typeString" : "System.Int32",
			"name" : "MechBayPods_Display",
			"value" : 6,
			"set" : true,
			"valueConstant" : ""
		},
		{
			"typeString" : "System.Int32",
			"name" : "MechTechSkill",
			"value" : 0,
			"valueConstant" : ""
		}       

    ]
}