{
    "Description" : {
        "Cost" : 0,
        "Rarity" : 0,
        "Purchasable" : true,
        "UIName" : "",
        "Id" : "argoUpgrade_mechBay_automation1",
        "Name" : "Automation",
        "Details" : "<b>• Allows Repair Bay 2 in Mech Bay 2 to repair at 100% efficiency.</b>\n\nMany of the <i>Argo</i>'s Mech Bay systems were only meant to be used with sophisticated Star League–era automation. Bringing that automation even partially back online is a substantial force multiplier to Yang's skills.",
        "Icon" : "uixSvgIcon_shipUpgrade_automation"
    },
    "Illustration" : "uixTxrSpot_YangWorking",
    "Location" : "MECH_BAY",
    "Category" : "REPAIR_REFIT",
    "AssignedCastDefId": "castDef_YangDefault",
    "AssignedCastDescription": "This stuff can't do the work for me, but it comes awfully close. You want to speed things up around here, give me the resources to get these machines back online.",
    "RequiredModules" : {
        "items" : [
            "argoUpgrade_power1"		
        ],
        "tagSetSourceFile" : ""
    },
    "Requirements" : [
        
    ],
    "TechCost" : 10,
    "PurchaseCost" : 450000,
    "AdditionalCost" : 18500,
    "Tags" : {
        "items" : [
            "argo_mechBay_automation1"
        ],
        "tagSetSourceFile" : ""
    },
    "Stats" : [
 		{
			"typeString" : "System.Int32",
			"name" : "MechTechSkill",
			"value" : 2000,
			"valueConstant" : ""
		}       
    ]
}