{
    "Description" : {
        "Cost" : 0,
        "Rarity" : 0,
        "Purchasable" : true,
        "UIName" : "",
        "Id" : "argoUpgrade_mechBay3",
        "Name" : "Mech Bay 3",
        "Details" : "<b>• A third 'Mech can be repaired simultaneously at 33% efficiency</b> \nWith the <i>Argo</i>'s power systems fully online, and enough reinforcement to keep the active Bays from damaging the ship's spine, the final six 'Mech cubicles can be powered up and put to work.",
        "Icon" : "uixSvgIcon_shipUpgrade_mechbay3"
    },
    "Illustration" : "uixTxrSpot_MechBay",
    "Location" : "MECH_BAY",
    "Category" : "MECH_BAY",
    "AssignedCastDefId": "castDef_YangDefault",
    "AssignedCastDescription": "The power's back on to the rest of the Mech Bay, and we can start repairs on the last six cubicles. Even if you don't want to fill them with 'Mechs, believe me, I can put the extra space to good use. It's gonna take a shitload of work, though.",
    "RequiredModules" : {
        "items" : [
            "argoUpgrade_mechBay2",
            "argoUpgrade_power2",
			"argoUpgrade_structure1"
			
        ],
        "tagSetSourceFile" : ""
    },
    "Requirements" : [
        
    ],
    "TechCost" : 30,
    "PurchaseCost" : 2250000,
    "AdditionalCost" : 50000,
    "Tags" : {
        "items" : [
            "argo_mechBay3"
        ],
        "tagSetSourceFile" : ""
    },
    "Stats" : [
		{
			"typeString" : "System.Int32",
			"name" : "MechBayPods",
			"value" : 3,
			"set" : true,
			"valueConstant" : ""
		},
		{
			"typeString" : "System.Int32",
			"name" : "MechBayPods_Display",
			"value" : 18,
			"set" : true,
			"valueConstant" : ""
		},
 		{
			"typeString" : "System.Int32",
			"name" : "MechTechSkill",
			"value" : 0,
			"valueConstant" : ""
		}       
    ]
}