{
    "Description" : {
        "Cost" : 0,
        "Rarity" : 0,
        "Purchasable" : true,
        "UIName" : "",
        "Id" : "argoUpgrade_drive2",
        "Name" : "Drive Upgrades",
        "Details" : "The <i>Argo</i> can, in a pinch, generate quite a bit more thrust than it first seemed. By repairing a number of drive subsystems meant to increase thrust efficiency, it’s possible to get the <i>Argo</i> up to an uncomfortable 2 g of sustained thrust.",
        "Icon" : "uixSvgIcon_shipUpgrade_drive2"
    },
    "Illustration" : "uixTxrSpot_ArgoDrive2",
    "Location" : "ENGINEERING",
    "Category" : "DRIVE_SYSTEM",
    "AssignedCastDefId": "castDef_FarahDefault",
    "AssignedCastDescription": "The <i>Argo</i>'s drive is <i>far</i> more powerful than I suspected. We may not ever bring it completely back online, but for now I can increase our thrust. While 2 g is not comfortable and the crew will complain, we'll cut our travel times significantly.",
    "RequiredModules" : {
        "items" : [
			"argoUpgrade_drive1",
			"argoUpgrade_power3",
			"argoUpgrade_structure2"
		],
        "tagSetSourceFile" : ""
    },
    "Requirements" : [
        
    ],
    "TechCost" : 30,
    "PurchaseCost" : 720000,
    "AdditionalCost" : 5700,
    "Tags" : {
        "items" : [
            "argo_drive2"
        ],
        "tagSetSourceFile" : ""
    },
    "Stats" : [
		{
			"typeString" : "System.Single",
			"name" : "DriveTravelMultiplier",
			"value" : 0.7,
			"set" : true,
			"valueConstant" : ""
		},
		{
			"typeString" : "System.Single",
			"name" : "DriveTravelMultiplier_Display",
			"value" : 30,
			"set" : true,
			"valueConstant" : ""
		} 		
    ],
	"Actions" : [
		{
			"Type" : "Ship_SetRepairState",
			"value" : "2",
			"additionalValues" : [
				"Drive"
			]
		}
	]
}