{
    "Description": {
        "Cost": 2600000,
        "Rarity": 1,
        "Purchasable": true,
        "Manufacturer": "",
        "Model": "",
        "UIName": "Hermes",
        "Id": "chassisdef_hermes_HER-1A",
        "Name": "Hermes",
        "Details": "The Succession Wars would bring the Hermes out of storage to fight again, after being mothballed by the SLDF, this time in service to the Successor States as company and battalion-level scouts. The 1A Hermes is the downgraded refit of the 1S Hermes, the armor has been reduced by half, but otherwise there were no sacrifices in either speed or weaponry.",
        "Icon": "uixTxrIcon_hermes"
    },
    "MovementCapDefID": "movedef_hermes_HER-1A",
    "PathingCapDefID": "pathingdef_light",
    "HardpointDataDefID": "hardpointdatadef_grasshopper",
    "PrefabIdentifier": "chrPrfMech_grasshopperBase-001",
    "PrefabBase": "grasshopper",
    "Tonnage": 30,
    "InitialTonnage": 23.5,
    "weightClass": "LIGHT",
    "BattleValue": 3907000,
    "Heatsinks": 0,
    "TopSpeed": 85,
    "TurnRadius": 90,
    "MaxJumpjets": 9,
    "Stability": 100,
    "StabilityDefenses": [
        0,
        0,
        0,
        0,
        0,
        0
    ],
    "SpotterDistanceMultiplier": 1,
    "VisibilityMultiplier": 1,
    "SensorRangeMultiplier": 1,
    "Signature": 0,
    "Radius": 4,
    "PunchesWithLeftArm": false,
    "MeleeDamage": 35,
    "MeleeInstability": 30,
    "MeleeToHitModifier": 0,
    "DFADamage": 40,
    "DFAToHitModifier": 0,
    "DFASelfDamage": 40,
    "DFAInstability": 40,
    "Locations": [
        {
            "Location": "Head",
            "Hardpoints": [],
            "Tonnage": 0,
            "InventorySlots": 1,
            "MaxArmor": 45,
            "MaxRearArmor": -1,
            "InternalStructure": 16
        },
        {
            "Location": "LeftArm",
            "Hardpoints": [
                {
                    "WeaponMount": "AntiPersonnel",
                    "Omni": false
                }
			],
            "Tonnage": 0,
            "InventorySlots": 8,
            "MaxArmor": 50,
            "MaxRearArmor": -1,
            "InternalStructure": 25
        },
        {
            "Location": "LeftTorso",
            "Hardpoints": [],
            "Tonnage": 0,
            "InventorySlots": 10,
            "MaxArmor": 70,
            "MaxRearArmor": 35,
            "InternalStructure": 35
        },
        {
            "Location": "CenterTorso",
            "Hardpoints": [
                {
                    "WeaponMount": "Energy",
                    "Omni": false
                },
                {
                    "WeaponMount": "AntiPersonnel",
                    "Omni": false
                }
            ],
            "Tonnage": 0,
            "InventorySlots": 4,
            "MaxArmor": 100,
            "MaxRearArmor": 50,
            "InternalStructure": 50
        },
        {
            "Location": "RightTorso",
            "Hardpoints": [],
            "Tonnage": 0,
            "InventorySlots": 10,
            "MaxArmor": 70,
            "MaxRearArmor": 35,
            "InternalStructure": 35
        },
        {
            "Location": "RightArm",
            "Hardpoints": [
                {
                    "WeaponMount": "Energy",
                    "Omni": false
                },
                {
                    "WeaponMount": "AntiPersonnel",
                    "Omni": false
                }
			],
            "Tonnage": 0,
            "InventorySlots": 8,
            "MaxArmor": 50,
            "MaxRearArmor": -1,
            "InternalStructure": 25
        },
        {
            "Location": "LeftLeg",
            "Hardpoints": [],
            "Tonnage": 0,
            "InventorySlots": 4,
            "MaxArmor": 70,
            "MaxRearArmor": -1,
            "InternalStructure": 35
        },
        {
            "Location": "RightLeg",
            "Hardpoints": [],
            "Tonnage": 0,
            "InventorySlots": 4,
            "MaxArmor": 70,
            "MaxRearArmor": -1,
            "InternalStructure": 35
        }
    ],
    "LOSSourcePositions": [
        {
            "x": 0,
            "y": 11,
            "z": 0
        },
        {
            "x": -2.5,
            "y": 10.5,
            "z": -0.5
        },
        {
            "x": 2.5,
            "y": 10.5,
            "z": -0.5
        }
    ],
    "LOSTargetPositions": [
        {
            "x": 0,
            "y": 11,
            "z": 0
        },
        {
            "x": -2.5,
            "y": 10.5,
            "z": -0.5
        },
        {
            "x": 2.5,
            "y": 10.5,
            "z": -0.5
        },
        {
            "x": -2,
            "y": 4,
            "z": 0.5
        },
        {
            "x": 2,
            "y": 4,
            "z": 0.5
        }
    ],
    "VariantName": "HER-1A",
    "ChassisTags": {
        "items": [
			"mr-resize-0.60-0.60-0.60"
		],
        "tagSetSourceFile": ""
    },
    "StockRole": "Extremely Fast Scout",
    "YangsThoughts": "I'm struggling to think of a faster scout out there than the Hermes. A pilot has to use this speed constantly though, one moment of hesitation and they will be reminded how little armor the Hermes runs with."
}