{
    "Description": {
        "Cost": 3200000,
        "Rarity": 1,
        "Purchasable": true,
        "Manufacturer": "",
        "Model": "",
        "UIName": "Sentinel",
        "Id": "chassisdef_sentinel_STN-3KA",
        "Name": "Sentinel",
        "Details": "The Sentinel was one of many designs to suffer from the technological decline of the recent Succession Wars, with Defiance first losing the ability to manufacture its advanced weapon systems before discontinuing production entirely in 3014 due to lack of both parts and interest. Despite this, with a powerful targeting and communications package, the Sentinel is ideal for long-range patrols or mobile observation. The 3KA Sentinel is an uncommon field refit of the 3K. This variant replaces the autocannon with a large laser, adds more armor and three extra heat sinks.",
        "Icon": "uixTxrIcon_cicada"
    },
    "MovementCapDefID": "movedef_sentinel_STN-3K",
    "PathingCapDefID": "pathingdef_medium",
    "HardpointDataDefID": "hardpointdatadef_shadowcat",
    "PrefabIdentifier": "chrPrfMech_shadowcatbase-001",
    "PrefabBase": "shadowcat",
    "Tonnage": 40,
    "InitialTonnage": 21.5,
    "weightClass": "MEDIUM",
    "BattleValue": 3610000,
    "Heatsinks": 0,
    "TopSpeed": 210,
    "TurnRadius": 90,
    "MaxJumpjets": 6,
    "Stability": 130,
    "StabilityDefenses": [
        0,
        0,
        0,
        0,
        0,
        0
    ],
    "SpotterDistanceMultiplier": 1,
    "VisibilityMultiplier": 1,
    "SensorRangeMultiplier": 1,
    "Signature": 0,
    "Radius": 5,
    "PunchesWithLeftArm": true,
    "MeleeDamage": 40,
    "MeleeInstability": 40,
    "MeleeToHitModifier": 0,
    "DFADamage": 50,
    "DFAToHitModifier": 0,
    "DFASelfDamage": 50,
    "DFAInstability": 50,
    "Locations": [
        {
            "Location": "Head",
            "Hardpoints": [],
            "Tonnage": 0,
            "InventorySlots": 1,
            "MaxArmor": 45,
            "MaxRearArmor": -1,
            "InternalStructure": 16
        },
        {
            "Location": "LeftArm",
            "Hardpoints": [],
            "Tonnage": 0,
            "InventorySlots": 8,
            "MaxArmor": 60,
            "MaxRearArmor": -1,
            "InternalStructure": 30
        },
        {
            "Location": "LeftTorso",
            "Hardpoints": [
                {
                    "WeaponMount": "Missile",
                    "Omni": false
                },
                {
                    "WeaponMount": "AntiPersonnel",
                    "Omni": false
                }
            ],
            "Tonnage": 0,
            "InventorySlots": 10,
            "MaxArmor": 100,
            "MaxRearArmor": 50,
            "InternalStructure": 50
        },
        {
            "Location": "CenterTorso",
            "Hardpoints": [],
            "Tonnage": 0,
            "InventorySlots": 4,
            "MaxArmor": 120,
            "MaxRearArmor": 60,
            "InternalStructure": 60
        },
        {
            "Location": "RightTorso",
            "Hardpoints": [],
            "Tonnage": 0,
            "InventorySlots": 10,
            "MaxArmor": 100,
            "MaxRearArmor": 50,
            "InternalStructure": 50
        },
        {
            "Location": "RightArm",
            "Hardpoints": [
                {
                    "WeaponMount": "Energy",
                    "Omni": false
                },
                {
                    "WeaponMount": "AntiPersonnel",
                    "Omni": false
                }
			],
            "Tonnage": 0,
            "InventorySlots": 8,
            "MaxArmor": 60,
            "MaxRearArmor": -1,
            "InternalStructure": 30
        },
        {
            "Location": "LeftLeg",
            "Hardpoints": [],
            "Tonnage": 0,
            "InventorySlots": 4,
            "MaxArmor": 100,
            "MaxRearArmor": -1,
            "InternalStructure": 50
        },
        {
            "Location": "RightLeg",
            "Hardpoints": [],
            "Tonnage": 0,
            "InventorySlots": 4,
            "MaxArmor": 100,
            "MaxRearArmor": -1,
            "InternalStructure": 50
        }
    ],
    "LOSSourcePositions": [
        {
            "x": 0,
            "y": 12,
            "z": 0
        },
        {
            "x": 3,
            "y": 12,
            "z": 0
        },
        {
            "x": -3,
            "y": 12,
            "z": 0
        }
    ],
    "LOSTargetPositions": [
        {
            "x": 0,
            "y": 12,
            "z": 0
        },
        {
            "x": 3,
            "y": 12,
            "z": 0
        },
        {
            "x": -3,
            "y": 12,
            "z": 0
        },
        {
            "x": 2.5,
            "y": 6,
            "z": 0
        },
        {
            "x": -2.5,
            "y": 6,
            "z": 0
        }
    ],
    "VariantName": "STN-3KA",
    "ChassisTags": {
        "items": [
			"mr-resize-0.93-0.93-0.93"
		],
        "tagSetSourceFile": ""
    },
    "StockRole": "Scout & Sniper",
    "YangsThoughts": "The Sentinel makes for an interesting skirmisher or Medium class observation 'Mech.  It still generally underperforms in most areas except speed, but it can throw a punch or two with that Autocannon, and has survivability compared to other scout designs."
}