{
    "Description": {
        "Cost": 10900000,
        "Rarity": 5,
        "Purchasable": true,
        "Manufacturer": "",
        "Model": "",
        "UIName": "Devastator",
        "Id": "chassisdef_devastator_DVS-1D",
        "Name": "Devastator",
        "Details": "The Devastator remained lost to the Inner Sphere for centuries, until troops from the Federated Suns chanced upon the blueprints in a Star League base on the world of Hoff in 3023. A downgraded version of the 'Mech, the 1D, was prototyped in 3033 by the New Avalon Institute of Science, using technology available at the time.",
        "Icon": "uixTxrIcon_devastator"
    },
    "MovementCapDefID": "movedef_devastator_DVS-1D",
    "PathingCapDefID": "pathingdef_assault",
    "HardpointDataDefID": "hardpointdatadef_devastator",
    "PrefabIdentifier": "chrprfmech_maulerbase-001",
    "PrefabBase": "mauler",
    "Tonnage": 100,
    "InitialTonnage": 35,
    "weightClass": "ASSAULT",
    "BattleValue": 10206000,
    "Heatsinks": 0,
    "TopSpeed": 105,
    "TurnRadius": 90,
    "MaxJumpjets": 3,
    "Stability": 200,
    "StabilityDefenses": [
        0,
        0,
        0,
        0,
        0,
        0
    ],
    "SpotterDistanceMultiplier": 1,
    "VisibilityMultiplier": 1,
    "SensorRangeMultiplier": 1,
    "Signature": 0,
    "Radius": 8,
    "PunchesWithLeftArm": false,
    "MeleeDamage": 120,
    "MeleeInstability": 100,
    "MeleeToHitModifier": 0,
    "DFADamage": 125,
    "DFAToHitModifier": 0,
    "DFASelfDamage": 125,
    "DFAInstability": 125,
    "Locations": [
        {
            "Location": "Head",
            "Hardpoints": [
                {
                    "WeaponMount": "Energy",
                    "Omni": false
                }
            ],
            "Tonnage": 0,
            "InventorySlots": 1,
            "MaxArmor": 45,
            "MaxRearArmor": -1,
            "InternalStructure": 16
        },
        {
            "Location": "LeftArm",
            "Hardpoints": [
                {
                    "WeaponMount": "Ballistic",
                    "Omni": false
                }
            ],
            "Tonnage": 0,
            "InventorySlots": 8,
            "MaxArmor": 170,
            "MaxRearArmor": -1,
            "InternalStructure": 85
        },
        {
            "Location": "LeftTorso",
            "Hardpoints": [
                {
                    "WeaponMount": "Energy",
                    "Omni": false
                },
                {
                    "WeaponMount": "Energy",
                    "Omni": false
                }
            ],
            "Tonnage": 0,
            "InventorySlots": 10,
            "MaxArmor": 210,
            "MaxRearArmor": 105,
            "InternalStructure": 105
        },
        {
            "Location": "CenterTorso",
            "Hardpoints": [
                {
                    "WeaponMount": "Energy",
                    "Omni": false
                }
            ],
            "Tonnage": 0,
            "InventorySlots": 4,
            "MaxArmor": 310,
            "MaxRearArmor": 155,
            "InternalStructure": 155
        },
        {
            "Location": "RightTorso",
            "Hardpoints": [
                {
                    "WeaponMount": "Energy",
                    "Omni": false
                },
                {
                    "WeaponMount": "Energy",
                    "Omni": false
                }
            ],
            "Tonnage": 0,
            "InventorySlots": 10,
            "MaxArmor": 210,
            "MaxRearArmor": 105,
            "InternalStructure": 105
        },
        {
            "Location": "RightArm",
            "Hardpoints": [
                {
                    "WeaponMount": "Ballistic",
                    "Omni": false
                }
            ],
            "Tonnage": 0,
            "InventorySlots": 8,
            "MaxArmor": 170,
            "MaxRearArmor": -1,
            "InternalStructure": 85
        },
        {
            "Location": "LeftLeg",
            "Hardpoints": [],
            "Tonnage": 0,
            "InventorySlots": 4,
            "MaxArmor": 210,
            "MaxRearArmor": -1,
            "InternalStructure": 105
        },
        {
            "Location": "RightLeg",
            "Hardpoints": [],
            "Tonnage": 0,
            "InventorySlots": 4,
            "MaxArmor": 210,
            "MaxRearArmor": -1,
            "InternalStructure": 105
        }
    ],
    "LOSSourcePositions": [
        {
            "x": 0,
            "y": 14.5,
            "z": 0
        },
        {
            "x": 4,
            "y": 15,
            "z": -1
        },
        {
            "x": -4,
            "y": 15,
            "z": -1
        }
    ],
    "LOSTargetPositions": [
        {
            "x": 0,
            "y": 14.5,
            "z": 0
        },
        {
            "x": 4,
            "y": 15,
            "z": -1
        },
        {
            "x": -4,
            "y": 15,
            "z": -1
        },
        {
            "x": 3.5,
            "y": 5.5,
            "z": -1
        },
        {
            "x": -3.5,
            "y": 5.5,
            "z": -1
        }
    ],
    "VariantName": "DVS-1D",
    "ChassisTags": {
        "items": [
			"mr-resize-1.05-1.05-1.05"
		],
        "tagSetSourceFile": ""
    },
    "StockRole": "Juggernaut",
    "YangsThoughts": "I heard about this, the Devastator 1D is a downgraded version of some old Star League plans the Federated Suns dug up. The Devastator has huge amount of armor, and long range weaponry that outclasses the even the close range damage of most mechs out there, unfortunately it puts a bit of a strain on the heat sinks."
}