{
    "Description": {
        "Cost": 2300000,
        "Rarity": 1,
        "Purchasable": true,
        "Manufacturer": "",
        "Model": "",
        "UIName": "Falcon",
        "Id": "chassisdef_falcon_FLC-4N",
        "Name": "Falcon",
        "Details": "While originally sporting a weapons array similar to the Locust, Stinger and Wasp it was charged to defeat, the Falcon's six tons of StarGuard Type II armor provides it with vastly superior protection.",
        "Icon": "uixTxrIcon_spider"
    },
    "MovementCapDefID": "movedef_falcon_FLC-4N",
    "PathingCapDefID": "pathingdef_light",
    "HardpointDataDefID": "hardpointdatadef_spider",
    "PrefabIdentifier": "chrPrfMech_spiderBase-001",
    "PrefabBase": "spider",
    "Tonnage": 30,
    "InitialTonnage": 15.0,
    "weightClass": "LIGHT",
    "BattleValue": 3907000,
    "Heatsinks": 0,
    "TopSpeed": 85,
    "TurnRadius": 90,
    "MaxJumpjets": 6,
    "Stability": 100,
    "StabilityDefenses": [
        0,
        0,
        0,
        0,
        0,
        0
    ],
    "SpotterDistanceMultiplier": 1,
    "VisibilityMultiplier": 1,
    "SensorRangeMultiplier": 1,
    "Signature": 0,
    "Radius": 4,
    "PunchesWithLeftArm": false,
    "MeleeDamage": 40,
    "MeleeInstability": 30,
    "MeleeToHitModifier": 0,
    "DFADamage": 40,
    "DFAToHitModifier": 0,
    "DFASelfDamage": 40,
    "DFAInstability": 40,
    "Locations": [
        {
            "Location": "Head",
            "Hardpoints": [],
            "Tonnage": 0,
            "InventorySlots": 1,
            "MaxArmor": 45,
            "MaxRearArmor": -1,
            "InternalStructure": 16
        },
        {
            "Location": "LeftArm",
            "Hardpoints": [
                {
                    "WeaponMount": "AntiPersonnel",
                    "Omni": false
                }
			],
            "Tonnage": 0,
            "InventorySlots": 8,
            "MaxArmor": 50,
            "MaxRearArmor": -1,
            "InternalStructure": 25
        },
        {
            "Location": "LeftTorso",
            "Hardpoints": [
                {
                    "WeaponMount": "AntiPersonnel",
                    "Omni": false
                }
			],
            "Tonnage": 0,
            "InventorySlots": 10,
            "MaxArmor": 70,
            "MaxRearArmor": 35,
            "InternalStructure": 35
        },
        {
            "Location": "CenterTorso",
            "Hardpoints": [],
            "Tonnage": 0,
            "InventorySlots": 4,
            "MaxArmor": 100,
            "MaxRearArmor": 50,
            "InternalStructure": 50
        },
        {
            "Location": "RightTorso",
            "Hardpoints": [
                {
                    "WeaponMount": "AntiPersonnel",
                    "Omni": false
                }
			],
            "Tonnage": 0,
            "InventorySlots": 10,
            "MaxArmor": 70,
            "MaxRearArmor": 35,
            "InternalStructure": 35
        },
        {
            "Location": "RightArm",
            "Hardpoints": [
                {
                    "WeaponMount": "Energy",
                    "Omni": false
                },
                {
                    "WeaponMount": "AntiPersonnel",
                    "Omni": false
                }
			],
            "Tonnage": 0,
            "InventorySlots": 8,
            "MaxArmor": 50,
            "MaxRearArmor": -1,
            "InternalStructure": 25
        },
        {
            "Location": "LeftLeg",
            "Hardpoints": [],
            "Tonnage": 0,
            "InventorySlots": 4,
            "MaxArmor": 70,
            "MaxRearArmor": -1,
            "InternalStructure": 35
        },
        {
            "Location": "RightLeg",
            "Hardpoints": [],
            "Tonnage": 0,
            "InventorySlots": 4,
            "MaxArmor": 70,
            "MaxRearArmor": -1,
            "InternalStructure": 35
        }
    ],
    "LOSSourcePositions": [
        {
            "x": 0,
            "y": 11,
            "z": 0
        },
        {
            "x": -2.5,
            "y": 10.5,
            "z": -0.5
        },
        {
            "x": 2.5,
            "y": 10.5,
            "z": -0.5
        }
    ],
    "LOSTargetPositions": [
        {
            "x": 0,
            "y": 11,
            "z": 0
        },
        {
            "x": -2.5,
            "y": 10.5,
            "z": -0.5
        },
        {
            "x": 2.5,
            "y": 10.5,
            "z": -0.5
        },
        {
            "x": -2,
            "y": 4,
            "z": 0.5
        },
        {
            "x": 2,
            "y": 4,
            "z": 0.5
        }
    ],
    "VariantName": "FLC-4N",
    "ChassisTags": {
        "items": [],
        "tagSetSourceFile": ""
    },
    "StockRole": "Light Recon and Skirmisher",
    "YangsThoughts": "I call this one the facehugger. The Falcon is exceptional at ripping apart lighter mechs than itself, getting close enough to use those weapons on anything bigger is a quick trip to the salvage heap though."
}