{
    "Description": {
        "Cost": 5900000,
        "Rarity": 4,
        "Purchasable": true,
        "Manufacturer": "",
        "Model": "",
        "UIName": "Exterminator",
        "Id": "chassisdef_exterminator_EXT-4A",
        "Name": "Exterminator",
        "Details": "The Exterminator was originally designed to infiltrate enemy lines.  This variant only resembles that original mech and without it's original equipment for stealth the 4A is now used as a fast in class Skirmisher.",
        "Icon": "uixTxrIcon_exterminator"
    },
    "MovementCapDefID": "movedef_exterminator_EXT-4A",
    "PathingCapDefID": "pathingdef_heavy",
    "HardpointDataDefID": "hardpointdatadef_assassin",
    "PrefabIdentifier": "chrprfmech_assassinbase-001",
    "PrefabBase": "assassin",
    "Tonnage": 65,
    "InitialTonnage": 37,
    "weightClass": "HEAVY",
    "BattleValue": 5514000,
    "Heatsinks": 0,
    "TopSpeed": 120,
    "TurnRadius": 90,
    "MaxJumpjets": 5,
    "Stability": 160,
    "StabilityDefenses": [
        0,
        0,
        0,
        0,
        0,
        0
    ],
    "SpotterDistanceMultiplier": 1,
    "VisibilityMultiplier": 1,
    "SensorRangeMultiplier": 1,
    "Signature": 0,
    "Radius": 8,
    "PunchesWithLeftArm": true,
    "MeleeDamage": 75,
    "MeleeInstability": 65,
    "MeleeToHitModifier": 0,
    "DFADamage": 80,
    "DFAToHitModifier": 0,
    "DFASelfDamage": 80,
    "DFAInstability": 80,
    "Locations": [
        {
            "Location": "Head",
            "Hardpoints": [
                {
                    "WeaponMount": "AntiPersonnel",
                    "Omni": false
                }
			],
            "Tonnage": 0,
            "InventorySlots": 1,
            "MaxArmor": 45,
            "MaxRearArmor": -1,
            "InternalStructure": 16
        },
        {
            "Location": "LeftArm",
            "Hardpoints": [
                {
                    "WeaponMount": "Energy",
                    "Omni": false
                },
                {
                    "WeaponMount": "Energy",
                    "Omni": false
                }
            ],
            "Tonnage": 0,
            "InventorySlots": 8,
            "MaxArmor": 100,
            "MaxRearArmor": -1,
            "InternalStructure": 50
        },
        {
            "Location": "LeftTorso",
            "Hardpoints": [
                {
                    "WeaponMount": "Missile",
                    "Omni": false
                }
            ],
            "Tonnage": 0,
            "InventorySlots": 10,
            "MaxArmor": 150,
            "MaxRearArmor": 75,
            "InternalStructure": 75
        },
        {
            "Location": "CenterTorso",
            "Hardpoints": [],
            "Tonnage": 0,
            "InventorySlots": 4,
            "MaxArmor": 210,
            "MaxRearArmor": 105,
            "InternalStructure": 105
        },
        {
            "Location": "RightTorso",
            "Hardpoints": [
                {
                    "WeaponMount": "AntiPersonnel",
                    "Omni": false
                }
            ],
            "Tonnage": 0,
            "InventorySlots": 10,
            "MaxArmor": 150,
            "MaxRearArmor": 75,
            "InternalStructure": 75
        },
        {
            "Location": "RightArm",
            "Hardpoints": [
                {
                    "WeaponMount": "Energy",
                    "Omni": false
                },
                {
                    "WeaponMount": "Energy",
                    "Omni": false
                }
            ],
            "Tonnage": 0,
            "InventorySlots": 8,
            "MaxArmor": 100,
            "MaxRearArmor": -1,
            "InternalStructure": 50
        },
        {
            "Location": "LeftLeg",
            "Hardpoints": [],
            "Tonnage": 0,
            "InventorySlots": 4,
            "MaxArmor": 150,
            "MaxRearArmor": -1,
            "InternalStructure": 75
        },
        {
            "Location": "RightLeg",
            "Hardpoints": [],
            "Tonnage": 0,
            "InventorySlots": 4,
            "MaxArmor": 150,
            "MaxRearArmor": -1,
            "InternalStructure": 75
        }
    ],
    "LOSSourcePositions": [
        {
            "x": 0,
            "y": 14,
            "z": 1
        },
        {
            "x": 4,
            "y": 13,
            "z": 0
        },
        {
            "x": -4,
            "y": 13,
            "z": 0
        }
    ],
    "LOSTargetPositions": [
        {
            "x": 0,
            "y": 14,
            "z": 1
        },
        {
            "x": 4,
            "y": 13,
            "z": 0
        },
        {
            "x": -4,
            "y": 13,
            "z": 0
        },
        {
            "x": 2,
            "y": 5,
            "z": 0
        },
        {
            "x": -2,
            "y": 5,
            "z": 0
        }
    ],
    "VariantName": "EXT-4A",
    "ChassisTags": {
        "items": [
			"mr-resize-1.35-1.20-1.05"
		],
        "tagSetSourceFile": ""
    },
    "StockRole": "Heavy Skirmisher and Brawler",
    "YangsThoughts": "The Exterminator 4A looks like an Exterminator but doesn't feel like one.  This variant only resembles that original mech and without it's stealth equipment the 4A is now a very fast 65 ton package, decent firepower but you have to choose weapons for the situation and watch your heat constantly."
}