{
    "Description": {
        "Cost": 5900000,
        "Rarity": 4,
        "Purchasable": true,
        "Manufacturer": "",
        "Model": "",
        "UIName": "Exterminator",
        "Id": "chassisdef_exterminator_EXT-4D",
        "Name": "Exterminator",
        "Details": "The Exterminator is a BattleMech that was designed in 2630 for the most dubious, but necessary, of purposes: headhunting. The Exterminator carries six jump jets, combined with an extralight engine these give the Exterminator the maneuverability of 'Mechs a fraction its size. For defense against missile attacks, the Exterminator has an Anti-Missile System in the right torso with one ton of ammo.",
        "Icon": "uixTxrIcon_exterminator"
    },
    "MovementCapDefID": "movedef_exterminator_EXT-4D",
    "PathingCapDefID": "pathingdef_heavy",
    "HardpointDataDefID": "hardpointdatadef_assassin",
    "PrefabIdentifier": "chrprfmech_assassinbase-001",
    "PrefabBase": "assassin",
    "Tonnage": 65,
    "InitialTonnage": 36.5,
    "weightClass": "HEAVY",
    "BattleValue": 5514000,
    "Heatsinks": 0,
    "TopSpeed": 120,
    "TurnRadius": 90,
    "MaxJumpjets": 6,
    "Stability": 160,
    "StabilityDefenses": [
        0,
        0,
        0,
        0,
        0,
        0
    ],
    "SpotterDistanceMultiplier": 1,
    "VisibilityMultiplier": 1,
    "SensorRangeMultiplier": 1,
    "Signature": 0,
    "Radius": 8,
    "PunchesWithLeftArm": true,
    "MeleeDamage": 75,
    "MeleeInstability": 65,
    "MeleeToHitModifier": 0,
    "DFADamage": 80,
    "DFAToHitModifier": 0,
    "DFASelfDamage": 80,
    "DFAInstability": 80,
    "Locations": [
        {
            "Location": "Head",
            "Hardpoints": [
                {
                    "WeaponMount": "AntiPersonnel",
                    "Omni": false
                }
			],
            "Tonnage": 0,
            "InventorySlots": 1,
            "MaxArmor": 45,
            "MaxRearArmor": -1,
            "InternalStructure": 16
        },
        {
            "Location": "LeftArm",
            "Hardpoints": [
                {
                    "WeaponMount": "Energy",
                    "Omni": false
                },
                {
                    "WeaponMount": "Energy",
                    "Omni": false
                }
            ],
            "Tonnage": 0,
            "InventorySlots": 8,
            "MaxArmor": 100,
            "MaxRearArmor": -1,
            "InternalStructure": 50
        },
        {
            "Location": "LeftTorso",
            "Hardpoints": [
                {
                    "WeaponMount": "Missile",
                    "Omni": false
                }
            ],
            "Tonnage": 0,
            "InventorySlots": 10,
            "MaxArmor": 150,
            "MaxRearArmor": 75,
            "InternalStructure": 75
        },
        {
            "Location": "CenterTorso",
            "Hardpoints": [],
            "Tonnage": 0,
            "InventorySlots": 4,
            "MaxArmor": 210,
            "MaxRearArmor": 105,
            "InternalStructure": 105
        },
        {
            "Location": "RightTorso",
            "Hardpoints": [
                {
                    "WeaponMount": "AntiPersonnel",
                    "Omni": false
                }
            ],
            "Tonnage": 0,
            "InventorySlots": 10,
            "MaxArmor": 150,
            "MaxRearArmor": 75,
            "InternalStructure": 75
        },
        {
            "Location": "RightArm",
            "Hardpoints": [
                {
                    "WeaponMount": "Energy",
                    "Omni": false
                },
                {
                    "WeaponMount": "Energy",
                    "Omni": false
                }
            ],
            "Tonnage": 0,
            "InventorySlots": 8,
            "MaxArmor": 100,
            "MaxRearArmor": -1,
            "InternalStructure": 50
        },
        {
            "Location": "LeftLeg",
            "Hardpoints": [],
            "Tonnage": 0,
            "InventorySlots": 4,
            "MaxArmor": 150,
            "MaxRearArmor": -1,
            "InternalStructure": 75
        },
        {
            "Location": "RightLeg",
            "Hardpoints": [],
            "Tonnage": 0,
            "InventorySlots": 4,
            "MaxArmor": 150,
            "MaxRearArmor": -1,
            "InternalStructure": 75
        }
    ],
    "LOSSourcePositions": [
        {
            "x": 0,
            "y": 14,
            "z": 1
        },
        {
            "x": 4,
            "y": 13,
            "z": 0
        },
        {
            "x": -4,
            "y": 13,
            "z": 0
        }
    ],
    "LOSTargetPositions": [
        {
            "x": 0,
            "y": 14,
            "z": 1
        },
        {
            "x": 4,
            "y": 13,
            "z": 0
        },
        {
            "x": -4,
            "y": 13,
            "z": 0
        },
        {
            "x": 2,
            "y": 5,
            "z": 0
        },
        {
            "x": -2,
            "y": 5,
            "z": 0
        }
    ],
    "VariantName": "EXT-4D",
    "ChassisTags": {
        "items": [
			"mr-resize-1.25-1.20-0.95"
		],
        "tagSetSourceFile": ""
    },
    "StockRole": "Heavy Skirmisher and Brawler",
    "YangsThoughts": "The Exterminator 4D is built for assassintion. Most notably this mech has an extralight engine with double heat sinks, giving it a speed faster than many medium 'Mechs, and the ability to shoot without cooling down. The 4D also has an Anti Missile System as stock.",
    "FixedEquipment" : [
        {
            "MountedLocation" : "LeftTorso",
            "ComponentDefID" : "Gear_XL_Engine",
            "SimGameUID" : "",
            "ComponentDefType" : "Upgrade",
            "HardpointSlot" : -1,
            "IsFixed" : true,
            "GUID" : null,
            "DamageLevel" : "Functional",
            "prefabName" : null,
            "hasPrefabName" : false
        },
		{
			"MountedLocation": "CenterTorso",
			"ComponentDefID": "Gear_HeatSink_Engine_Double",
			"SimGameUID": "",
			"ComponentDefType": "HeatSink",
			"HardpointSlot": -1,
			"IsFixed": true,
			"GUID": null,
			"DamageLevel": "Functional",
			"prefabName": null,
			"hasPrefabName": false
		},
        {
            "MountedLocation" : "RightTorso",
            "ComponentDefID" : "Gear_XL_Engine",
            "SimGameUID" : "",
            "ComponentDefType" : "Upgrade",
            "HardpointSlot" : -1,
            "IsFixed" : true,
            "GUID" : null,
            "DamageLevel" : "Functional",
            "prefabName" : null,
            "hasPrefabName" : false
        }
    ]
}