{
    "Description": {
        "Cost": 3500000,
        "Rarity": 1,
        "Purchasable": true,
        "Manufacturer": "",
        "Model": "",
        "UIName": "Wyvern",
        "Id": "chassisdef_wyvern_WVE-6N",
        "Name": "Wyvern",
        "Details": "The Wyvern was designed as an urban warfare BattleMech for the Star League Defense Force. While considered slow when compared to other medium 'Mechs, and indeed vulnerable if forced to engage in open country, the Wyvern quickly proved itself to be one of the best urban combatants ever built. Thanks to its combination of weaponry, decent armor and jump jets the Wyvern can take on and destroy 'Mechs well outside its weight class.",
        "Icon": "uixTxrIcon_wyvern"
    },
    "MovementCapDefID": "movedef_wyvern_WVE-6N",
    "PathingCapDefID": "pathingdef_medium",
    "HardpointDataDefID": "hardpointdatadef_kintaro",
    "PrefabIdentifier": "chrPrfMech_kintaroBase-001",
    "PrefabBase": "kintaro",
    "Tonnage": 45,
    "InitialTonnage": 16.5,
    "weightClass": "MEDIUM",
    "BattleValue": 4067000,
    "Heatsinks": 0,
    "TopSpeed": 120,
    "TurnRadius": 90,
    "MaxJumpjets": 4,
    "Stability": 130,
    "StabilityDefenses": [
        0,
        0,
        0,
        0,
        0,
        0
    ],
    "SpotterDistanceMultiplier": 1,
    "VisibilityMultiplier": 1,
    "SensorRangeMultiplier": 1,
    "Signature": 0,
    "Radius": 5,
    "PunchesWithLeftArm": false,
    "MeleeDamage": 55,
    "MeleeInstability": 45,
    "MeleeToHitModifier": 0,
    "DFADamage": 55,
    "DFAToHitModifier": 0,
    "DFASelfDamage": 55,
    "DFAInstability": 55,
    "Locations": [
        {
            "Location": "Head",
            "Hardpoints": [],
            "Tonnage": 0,
            "InventorySlots": 1,
            "MaxArmor": 45,
            "MaxRearArmor": -1,
            "InternalStructure": 16
        },
        {
            "Location": "LeftArm",
            "Hardpoints": [],
            "Tonnage": 0,
            "InventorySlots": 8,
            "MaxArmor": 70,
            "MaxRearArmor": -1,
            "InternalStructure": 35
        },
        {
            "Location": "LeftTorso",
            "Hardpoints": [],
            "Tonnage": 0,
            "InventorySlots": 10,
            "MaxArmor": 110,
            "MaxRearArmor": 55,
            "InternalStructure": 55
        },
        {
            "Location": "CenterTorso",
            "Hardpoints": [
                {
                    "WeaponMount": "Missile",
                    "Omni": false
                }
            ],
            "Tonnage": 0,
            "InventorySlots": 4,
            "MaxArmor": 140,
            "MaxRearArmor": 70,
            "InternalStructure": 70
        },
        {
            "Location": "RightTorso",
            "Hardpoints": [
                {
                    "WeaponMount": "Missile",
                    "Omni": false
                }
            ],
            "Tonnage": 0,
            "InventorySlots": 10,
            "MaxArmor": 110,
            "MaxRearArmor": 55,
            "InternalStructure": 55
        },
        {
            "Location": "RightArm",
            "Hardpoints": [
                {
                    "WeaponMount": "Energy",
                    "Omni": false
                },
                {
                    "WeaponMount": "AntiPersonnel",
                    "Omni": false
                },
                {
                    "WeaponMount": "AntiPersonnel",
                    "Omni": false
                }
            ],
            "Tonnage": 0,
            "InventorySlots": 8,
            "MaxArmor": 70,
            "MaxRearArmor": -1,
            "InternalStructure": 35
        },
        {
            "Location": "LeftLeg",
            "Hardpoints": [],
            "Tonnage": 0,
            "InventorySlots": 4,
            "MaxArmor": 110,
            "MaxRearArmor": -1,
            "InternalStructure": 55
        },
        {
            "Location": "RightLeg",
            "Hardpoints": [],
            "Tonnage": 0,
            "InventorySlots": 4,
            "MaxArmor": 110,
            "MaxRearArmor": -1,
            "InternalStructure": 55
        }
    ],
    "LOSSourcePositions": [
        {
            "x": 0,
            "y": 14,
            "z": 0
        },
        {
            "x": 4,
            "y": 14,
            "z": 0
        },
        {
            "x": -4,
            "y": 14,
            "z": 0
        }
    ],
    "LOSTargetPositions": [
        {
            "x": 0,
            "y": 14,
            "z": 0
        },
        {
            "x": 4,
            "y": 14,
            "z": 0
        },
        {
            "x": -4,
            "y": 14,
            "z": 0
        },
        {
            "x": 2.5,
            "y": 6,
            "z": 2.5
        },
        {
            "x": -2.5,
            "y": 6,
            "z": 2.5
        }
    ],
    "VariantName": "WVE-6N",
    "ChassisTags": {
        "items": [
			"mr-resize-0.90-0.95-0.95"
		],
        "tagSetSourceFile": ""
    },
    "StockRole": "Fire Support & Skirmisher",
    "YangsThoughts": "The Wyvern is a solid 'Mech for it's tonnage. They typically mount Jump Jets, and have a combination of arms that make them ideal in city environments."
}