{
    "Description": {
        "Cost": 3400000,
        "Rarity": 1,
        "Purchasable": true,
        "Manufacturer": "",
        "Model": "",
        "UIName": "Hermes II",
        "Id": "chassisdef_hermesII_HER-4K",
        "Name": "Hermes II",
        "Details": "Also sometimes referred to as the Hermes III, this variant of the Hermes II was introduced a year after the original. It is a modification of the design built to remove its dependence on ammunition by replacing all of the weapons with two Large Lasers.  Exclusive to the Draconis combine, the Hermes II 4K features the Ostmann Industries upgraded Sensors and Tracking system.",
        "Icon": "uixTxrIcon_hermesII"
    },
    "MovementCapDefID": "movedef_hermesII_HER-2S",
    "PathingCapDefID": "pathingdef_medium",
    "HardpointDataDefID": "hardpointdatadef_grasshopper",
    "PrefabIdentifier": "chrPrfMech_grasshopperBase-001",
    "PrefabBase": "grasshopper",
    "Tonnage": 40,
    "InitialTonnage": 21.5,
    "weightClass": "MEDIUM",
    "BattleValue": 3610000,
    "Heatsinks": 0,
    "TopSpeed": 210,
    "TurnRadius": 90,
    "MaxJumpjets": 6,
    "Stability": 130,
    "StabilityDefenses": [
        0,
        0,
        0,
        0,
        0,
        0
    ],
    "SpotterDistanceMultiplier": 1,
    "VisibilityMultiplier": 1,
    "SensorRangeMultiplier": 1,
    "Signature": 0,
    "Radius": 5,
    "PunchesWithLeftArm": false,
    "MeleeDamage": 45,
    "MeleeInstability": 40,
    "MeleeToHitModifier": 0,
    "DFADamage": 50,
    "DFAToHitModifier": 0,
    "DFASelfDamage": 50,
    "DFAInstability": 50,
    "Locations": [
        {
            "Location": "Head",
            "Hardpoints": [],
            "Tonnage": 0,
            "InventorySlots": 1,
            "MaxArmor": 45,
            "MaxRearArmor": -1,
            "InternalStructure": 16
        },
        {
            "Location": "LeftArm",
            "Hardpoints": [],
            "Tonnage": 0,
            "InventorySlots": 8,
            "MaxArmor": 60,
            "MaxRearArmor": -1,
            "InternalStructure": 30
        },
        {
            "Location": "LeftTorso",
            "Hardpoints": [
                {
                    "WeaponMount": "Energy",
                    "Omni": false
                },
                {
                    "WeaponMount": "Energy",
                    "Omni": false
                },
                {
                    "WeaponMount": "AntiPersonnel",
                    "Omni": false
                }
			],
            "Tonnage": 0,
            "InventorySlots": 10,
            "MaxArmor": 100,
            "MaxRearArmor": 50,
            "InternalStructure": 50
        },
        {
            "Location": "CenterTorso",
            "Hardpoints": [],
            "Tonnage": 0,
            "InventorySlots": 4,
            "MaxArmor": 120,
            "MaxRearArmor": 60,
            "InternalStructure": 60
        },
        {
            "Location": "RightTorso",
            "Hardpoints": [
                {
                    "WeaponMount": "Energy",
                    "Omni": false
                },
                {
                    "WeaponMount": "Energy",
                    "Omni": false
                },
                {
                    "WeaponMount": "AntiPersonnel",
                    "Omni": false
                }
            ],
            "Tonnage": 0,
            "InventorySlots": 10,
            "MaxArmor": 100,
            "MaxRearArmor": 50,
            "InternalStructure": 50
        },
        {
            "Location": "RightArm",
            "Hardpoints": [],
            "Tonnage": 0,
            "InventorySlots": 8,
            "MaxArmor": 60,
            "MaxRearArmor": -1,
            "InternalStructure": 30
        },
        {
            "Location": "LeftLeg",
            "Hardpoints": [],
            "Tonnage": 0,
            "InventorySlots": 4,
            "MaxArmor": 100,
            "MaxRearArmor": -1,
            "InternalStructure": 50
        },
        {
            "Location": "RightLeg",
            "Hardpoints": [],
            "Tonnage": 0,
            "InventorySlots": 4,
            "MaxArmor": 100,
            "MaxRearArmor": -1,
            "InternalStructure": 50
        }
    ],
    "LOSSourcePositions": [
        {
            "x": 0,
            "y": 12,
            "z": 0
        },
        {
            "x": 3,
            "y": 12,
            "z": 0
        },
        {
            "x": -3,
            "y": 12,
            "z": 0
        }
    ],
    "LOSTargetPositions": [
        {
            "x": 0,
            "y": 12,
            "z": 0
        },
        {
            "x": 3,
            "y": 12,
            "z": 0
        },
        {
            "x": -3,
            "y": 12,
            "z": 0
        },
        {
            "x": 2.5,
            "y": 6,
            "z": 0
        },
        {
            "x": -2.5,
            "y": 6,
            "z": 0
        }
    ],
    "VariantName": "HER-4K",
    "ChassisTags": {
        "items": [
			"mr-resize-0.75-0.75-0.75"
		],
        "tagSetSourceFile": ""
    },
    "StockRole": "Light Sniper & Scout",
    "YangsThoughts": "This is one of those variants where I can say it is clearly an upgrade on it's predecessors.  The 2 Large Lasers allow the Hermes II 4K to be a threat at a decent range and the Ostmann Industries sensor upgrade is the cherry on top."
}