{
    "Description": {
        "Cost": 8400000,
        "Rarity": 4,
        "Purchasable": true,
        "Manufacturer": "",
        "Model": "",
        "UIName": "Crockett",
        "Id": "chassisdef_crockett_CRK-5003-0",
        "Name": "Crockett",
        "Details": "The Crockett was originally designed and built for the Star League as a training BattleMech with combat capability. So effective was the Crockett that, following the dissolution of the Star League and start of the Succession Wars, many of the Great Houses removed the 'Mech from their training programs and used them to fight on the front lines. In the thirty-first century, thanks to ComStar's secret stockpile of Star League-era 'Mechs, original models of the Crockett were used to outfit the Com Guards while downgraded versions were gifted to the Draconis Combine as part of Operation Rosebud.",
        "Icon": "uixTxrIcon_stalker"
    },
    "MovementCapDefID": "movedef_crockett_CRK-5003-0",
    "PathingCapDefID": "pathingdef_assault",
	"HardpointDataDefID": "hardpointdatadef_executioner",
	"PrefabIdentifier": "chrprfmech_executionerbase-001",
	"PrefabBase": "executioner",
    "Tonnage": 85,
    "InitialTonnage": 27.5,
    "weightClass": "ASSAULT",
    "BattleValue": 8821000,
    "Heatsinks": 0,
    "TopSpeed": 105,
    "TurnRadius": 90,
    "MaxJumpjets": 3,
    "Stability": 200,
    "StabilityDefenses": [
        0,
        0,
        0,
        0,
        0,
        0
    ],
    "SpotterDistanceMultiplier": 1,
    "VisibilityMultiplier": 1,
    "SensorRangeMultiplier": 1,
    "Signature": 0,
    "Radius": 8,
    "PunchesWithLeftArm": false,
    "MeleeDamage": 90,
    "MeleeInstability": 85,
    "MeleeToHitModifier": 0,
    "DFADamage": 105,
    "DFAToHitModifier": 0,
    "DFASelfDamage": 105,
    "DFAInstability": 105,
    "Locations": [
        {
            "Location": "Head",
            "Hardpoints": [],
            "Tonnage": 0,
            "InventorySlots": 1,
            "MaxArmor": 45,
            "MaxRearArmor": -1,
            "InternalStructure": 16
        },
        {
            "Location": "LeftArm",
            "Hardpoints": [
                {
                    "WeaponMount": "Energy",
                    "Omni": false
                },
                {
                    "WeaponMount": "AntiPersonnel",
                    "Omni": false
                }
            ],
            "Tonnage": 0,
            "InventorySlots": 8,
            "MaxArmor": 140,
            "MaxRearArmor": -1,
            "InternalStructure": 70
        },
        {
            "Location": "LeftTorso",
            "Hardpoints": [
                {
                    "WeaponMount": "Missile",
                    "Omni": false
                },
                {
                    "WeaponMount": "Ballistic",
                    "Omni": false
                }
            ],
            "Tonnage": 0,
            "InventorySlots": 10,
            "MaxArmor": 180,
            "MaxRearArmor": 90,
            "InternalStructure": 90
        },
        {
            "Location": "CenterTorso",
            "Hardpoints": [],
            "Tonnage": 0,
            "InventorySlots": 4,
            "MaxArmor": 270,
            "MaxRearArmor": 135,
            "InternalStructure": 135
        },
        {
            "Location": "RightTorso",
            "Hardpoints": [
                {
                    "WeaponMount": "Missile",
                    "Omni": false
                }
            ],
            "Tonnage": 0,
            "InventorySlots": 10,
            "MaxArmor": 180,
            "MaxRearArmor": 90,
            "InternalStructure": 90
        },
        {
            "Location": "RightArm",
            "Hardpoints": [
                {
                    "WeaponMount": "Energy",
                    "Omni": false
                },
                {
                    "WeaponMount": "AntiPersonnel",
                    "Omni": false
                }
            ],
            "Tonnage": 0,
            "InventorySlots": 8,
            "MaxArmor": 140,
            "MaxRearArmor": -1,
            "InternalStructure": 70
        },
        {
            "Location": "LeftLeg",
            "Hardpoints": [],
            "Tonnage": 0,
            "InventorySlots": 4,
            "MaxArmor": 180,
            "MaxRearArmor": -1,
            "InternalStructure": 90
        },
        {
            "Location": "RightLeg",
            "Hardpoints": [],
            "Tonnage": 0,
            "InventorySlots": 4,
            "MaxArmor": 180,
            "MaxRearArmor": -1,
            "InternalStructure": 90
        }
    ],
    "LOSSourcePositions": [
        {
            "x": 0,
            "y": 15,
            "z": 0
        },
        {
            "x": 3.5,
            "y": 16,
            "z": -1
        },
        {
            "x": -3.5,
            "y": 16,
            "z": -1
        }
    ],
    "LOSTargetPositions": [
        {
            "x": 0,
            "y": 15,
            "z": 0
        },
        {
            "x": 3.5,
            "y": 16,
            "z": -1
        },
        {
            "x": -3.5,
            "y": 16,
            "z": -1
        },
        {
            "x": 3.5,
            "y": 5.5,
            "z": 1
        },
        {
            "x": -3.5,
            "y": 5.5,
            "z": 1
        }
    ],
    "VariantName": "CRK-5003-0",
    "ChassisTags": {
        "items": [
			"mr-resize-0.95-0.90-0.95"
		],
        "tagSetSourceFile": ""
    },
    "StockRole": "Heavy Cavalry",
    "YangsThoughts": "The Crockett 5003-0 mounts a wide array of weaponry, even for an assault 'Mech. Primarily effective at close range, it also has jump capability to get there."
}