{
    "Name": "SalvageOperations",
    "DLL": "SalvageOperations.dll",

    "Version": "4.0-alpha",
    "Description": "Changes how mech salvage works.",
    "Author": "mpstark",
	"Modified By": "gnivler and donZappo",
    "Website": "https://github.com/gnivler/SalvageOperations",

    "ConflictsWith": [ "AdjustedMechAssembly", "AdjustedMechAssemblyCC", "AdjustedMechSalvage", "CustomSalvage" ],
    "Settings": {
		"ReadyMechDelayFactor": 1,
		"CT_Value": 0.5,
		"Other_Parts_Value": 0.0833333,
		"Rounding_Cutoff": 0.75,
        "SalvageValueUsesSellPrice": false,
        "ReplaceMechSalvageLogic": true,
		"DependsOnArgoUpgrade" : true,
		"ArgoUpgrade" : "argoUpgrade_mechBay_machineShop",
		"MechsMustHaveSameMass" : true,
		"MechsMustHaveSameSpeed" : true,
		"MinimumPartsForSalvage" : 1,
		
		"ExcludeVariantExceptions": true,
		"VariantExceptions": [
			],
		
        "Debug": false,
    }
}