{
    "ID" : "hardpointdatadef_striker",
    "HardpointData" : [
        {
            "location" : "leftarm",
            "weapons" : [
			[
			"chrprfweap_gargoyle_leftarm_ppc_eh1"
			],
			[
			],
			[
			],
			[
			]		
            ],
            "blanks" : [

            ],
            "mountingPoints" : [
                
            ]
        },
        {
            "location" : "lefttorso",
            "weapons" : [
			[
			"chrprfweap_gargoyle_lefttorso_ppc_eh1",
			"chrprfweap_gargoyle_lefttorso_laser_eh1",
			"chrprfweap_gargoyle_lefttorso_flamer_eh1",
			"chrprfweap_gargoyle_lefttorso_srm4_mh1",
			"chrprfweap_gargoyle_lefttorso_srm6_mh1",
			"chrprfweap_gargoyle_lefttorso_srm20_mh1"
			],
			[
			"chrprfweap_gargoyle_lefttorso_ppc_eh2",
			"chrprfweap_gargoyle_lefttorso_laser_eh2",
			"chrprfweap_gargoyle_lefttorso_srm4_mh2",
			"chrprfweap_gargoyle_lefttorso_srm6_mh2",
			"chrprfweap_gargoyle_lefttorso_srm20_mh2"			
			]			
			],
            "blanks" : [
			
            ],
            "mountingPoints" : [
                
            ]
        },
        {
            "location" : "rightarm",
            "weapons" : [
			[
			"chrprfweap_gargoyle_rightarm_ppc_eh1",
			"chrprfweap_gargoyle_rightarm_laser_eh1",
			"chrprfweap_gargoyle_rightarm_flamer_eh1",
			"chrprfweap_gargoyle_rightarm_gauss_bh1",
			"chrprfweap_gargoyle_rightarm_mg_bh1",
			"chrprfweap_gargoyle_rightarm_ac10_bh1",
			"chrprfweap_gargoyle_rightarm_srm4_mh1",
			"chrprfweap_gargoyle_rightarm_srm6_mh1",
			"chrprfweap_gargoyle_rightarm_srm20_mh1"
			],
			[
			"chrprfweap_gargoyle_rightarm_ppc_eh2",
			"chrprfweap_gargoyle_rightarm_laser_eh2",
			"chrprfweap_gargoyle_rightarm_flamer_eh2"
			],
			[
			"chrprfweap_gargoyle_rightarm_ppc_eh3",
			"chrprfweap_gargoyle_rightarm_laser_eh3",
			"chrprfweap_gargoyle_rightarm_flamer_eh3"
			],
			[
			"chrprfweap_gargoyle_rightarm_ppc_eh4",
			"chrprfweap_gargoyle_rightarm_laser_eh4"
			]
			],
            "blanks" : [
                
            ],
            "mountingPoints" : [
                
            ]
        },
        {
            "location" : "righttorso",
            "weapons" : [
			[
			"chrprfweap_gargoyle_righttorso_ppc_eh1",
			"chrprfweap_gargoyle_righttorso_laser_eh1",
			"chrprfweap_gargoyle_righttorso_flamer_eh1",
			"chrprfweap_gargoyle_righttorso_srm4_mh1",
			"chrprfweap_gargoyle_righttorso_srm6_mh1",
			"chrprfweap_gargoyle_righttorso_srm20_mh1"
			],
			[
			"chrprfweap_gargoyle_righttorso_ppc_eh2",
			"chrprfweap_gargoyle_righttorso_laser_eh2"
			]
			],
            "blanks" : [
			
            ],
            "mountingPoints" : [
                
            ]
        },
        {
            "location" : "head",
            "weapons" : [
                [
                    "chrPrfWeap_awesome_head_flamer_eh1",
                    "chrPrfWeap_awesome_head_laser_eh1"
                ]
            ],
            "blanks" : [
                
            ],
            "mountingPoints" : [
                
            ]
        },		
		{
            "location" : "centertorso",
            "weapons" : [
			[
			"chrprfweap_gargoyle_centertorso_ppc_eh1",
			"chrprfweap_gargoyle_centertorso_laser_eh1",
			"chrprfweap_gargoyle_centertorso_flamer_eh1"
			],
			[
			"chrprfweap_gargoyle_centertorso_laser_eh2",
			"chrprfweap_gargoyle_centertorso_flamer_eh2"		
			]
			],
            "blanks" : [
                
            ],
            "mountingPoints" : [
                
            ]
        }
    ]
	
}