{
    "ID" : "hardpointdatadef_devastator",
    "HardpointData" : [
        {
            "location" : "leftarm",
            "weapons" : [
			[
            "chrprfweap_mauler_leftarm_gauss_bh1"	
			],
			[
			],
			[
			]
            ],
            "blanks" : [

            ],
            "mountingPoints" : [
                
            ]
        },
        {
            "location" : "lefttorso",
            "weapons" : [
			[
			"chrprfweap_mauler_lefttorso_ac5_bh1",
			"chrprfweap_mauler_lefttorso_flamer_eh1",
			"chrprfweap_mauler_lefttorso_ppc_eh1",
			"chrprfweap_mauler_lefttorso_laser_eh1",
			"chrprfweap_mauler_lefttorso_gauss_bh1"
			],
			[
			"chrprfweap_mauler_lefttorso_ac5_bh2",
			"chrprfweap_mauler_lefttorso_ppc_eh2",
			"chrprfweap_mauler_lefttorso_laser_eh2",
			"chrprfweap_mauler_lefttorso_gauss_bh2",
			"chrprfweap_mauler_lefttorso_lrm15_mh2",
			"chrprfweap_mauler_lefttorso_srm20_mh2",
			"chrprfweap_mauler_lefttorso_srm6_mh2"
			],
			[
			"chrprfweap_mauler_lefttorso_ac5_bh3",
			"chrprfweap_mauler_lefttorso_gauss_bh3",			
			"chrprfweap_mauler_lefttorso_mg_bh3"		
			]
			],
            "blanks" : [
			
            ],
            "mountingPoints" : [
                
            ]
        },
        {
            "location" : "rightarm",
            "weapons" : [
			[
            "chrprfweap_mauler_rightarm_gauss_bh1"
			],
			[
			],
			[
			]
            ],
            "blanks" : [
                
            ],
            "mountingPoints" : [
                
            ]
        },
        {
            "location" : "righttorso",
            "weapons" : [				
			[
			"chrprfweap_mauler_righttorso_ac5_bh1",
			"chrprfweap_mauler_righttorso_flamer_eh1",
			"chrprfweap_mauler_righttorso_ppc_eh1",
			"chrprfweap_mauler_righttorso_laser_eh1",
			"chrprfweap_mauler_righttorso_gauss_bh1"
			],
			[
			"chrprfweap_mauler_righttorso_ac5_bh2",
			"chrprfweap_mauler_righttorso_ppc_eh2",
			"chrprfweap_mauler_righttorso_laser_eh2",
			"chrprfweap_mauler_righttorso_gauss_bh2",
			"chrprfweap_mauler_righttorso_lrm15_mh2",
			"chrprfweap_mauler_righttorso_srm20_mh2",
			"chrprfweap_mauler_righttorso_srm6_mh2"
			],
			[
			"chrprfweap_mauler_righttorso_ac5_bh3",
			"chrprfweap_mauler_righttorso_gauss_bh3",			
			"chrprfweap_mauler_righttorso_mg_bh3"		
			]
			],
            "blanks" : [
			
            ],
            "mountingPoints" : [
                
            ]
        }
    ]
	
}