{
    "Name": "BT_Extended_3025",
    "Enabled": true,

	"Version": "1.6.0.0",
	"PackagedOn": "2019-06-04T16:45:00Z",
	
	"DependsOn": ["CommunityBundles"],
	"OptionallyDependsOn": ["LC_SLDFRoyal_DLC", "LC_SLDFRoyal_Addon", "LC_SLDFRoyal_WR", "LC_SLDFRoyal_Unique", "BT_Extended_3025_Plus"],

    "Manifest": [
    { "Type": "AssetBundle", "Path": "assetbundles" },
	{ "Type": "Prefab", "Path": "assets/character/mechs/prefabs/components/lancelot/chrPrfComp_lancelot_simgame.prefab", "AssetBundleName": "chrprfmech_lancelotbase-001" },
    { "Type": "Prefab", "Path": "assets/character/mechs/prefabs/chrprfmech_lancelotbase-001.prefab", "AssetBundleName": "chrprfmech_lancelotbase-001" },	
	
	{ "Type": "Prefab", "Path": "assets/character/mechs/prefabs/components/lancelot/chrPrfComp_lancelot_centertorso_jumpjet.prefab", "AssetBundleName": "chrprfmech_lancelotbase-001" },

	{ "Type": "Prefab", "Path": "assets/character/mechs/prefabs/weapons/lancelot/chrPrfWeap_lancelot_leftarm_laser_eh1.prefab", "AssetBundleName": "chrprfmech_lancelotbase-001" },
	{ "Type": "Prefab", "Path": "assets/character/mechs/prefabs/weapons/lancelot/chrPrfWeap_lancelot_leftarm_flamer_eh1.prefab", "AssetBundleName": "chrprfmech_lancelotbase-001" },
	{ "Type": "Prefab", "Path": "assets/character/mechs/prefabs/weapons/lancelot/chrPrfWeap_lancelot_leftarm_ppc_eh1.prefab", "AssetBundleName": "chrprfmech_lancelotbase-001" },
	{ "Type": "Prefab", "Path": "assets/character/mechs/prefabs/weapons/lancelot/chrPrfWeap_lancelot_leftarm_gauss_bh1.prefab", "AssetBundleName": "chrprfmech_lancelotbase-001" },
	{ "Type": "Prefab", "Path": "assets/character/mechs/prefabs/weapons/lancelot/chrPrfWeap_lancelot_leftarm_mg_bh1.prefab", "AssetBundleName": "chrprfmech_lancelotbase-001" },
	{ "Type": "Prefab", "Path": "assets/character/mechs/prefabs/weapons/lancelot/chrPrfWeap_lancelot_leftarm_ac20_bh1.prefab", "AssetBundleName": "chrprfmech_lancelotbase-001" },
	{ "Type": "Prefab", "Path": "assets/character/mechs/prefabs/weapons/lancelot/chrPrfWeap_lancelot_leftarm_srm4_mh1.prefab", "AssetBundleName": "chrprfmech_lancelotbase-001" },
	{ "Type": "Prefab", "Path": "assets/character/mechs/prefabs/weapons/lancelot/chrPrfWeap_lancelot_leftarm_srm6_mh1.prefab", "AssetBundleName": "chrprfmech_lancelotbase-001" },
	{ "Type": "Prefab", "Path": "assets/character/mechs/prefabs/weapons/lancelot/chrPrfWeap_lancelot_leftarm_lrm15_mh1.prefab", "AssetBundleName": "chrprfmech_lancelotbase-001" },
	{ "Type": "Prefab", "Path": "assets/character/mechs/prefabs/weapons/lancelot/chrPrfWeap_lancelot_leftarm_srm20_mh1.prefab", "AssetBundleName": "chrprfmech_lancelotbase-001" },
	{ "Type": "Prefab", "Path": "assets/character/mechs/prefabs/weapons/lancelot/chrPrfWeap_lancelot_leftarm_laser_eh2.prefab", "AssetBundleName": "chrprfmech_lancelotbase-001" },
	{ "Type": "Prefab", "Path": "assets/character/mechs/prefabs/weapons/lancelot/chrPrfWeap_lancelot_leftarm_flamer_eh2.prefab", "AssetBundleName": "chrprfmech_lancelotbase-001" },
	{ "Type": "Prefab", "Path": "assets/character/mechs/prefabs/weapons/lancelot/chrPrfWeap_lancelot_leftarm_ppc_eh2.prefab", "AssetBundleName": "chrprfmech_lancelotbase-001" },
	{ "Type": "Prefab", "Path": "assets/character/mechs/prefabs/weapons/lancelot/chrPrfWeap_lancelot_leftarm_mg_bh2.prefab", "AssetBundleName": "chrprfmech_lancelotbase-001" },
	{ "Type": "Prefab", "Path": "assets/character/mechs/prefabs/weapons/lancelot/chrPrfWeap_lancelot_leftarm_ac20_bh2.prefab", "AssetBundleName": "chrprfmech_lancelotbase-001" },
	{ "Type": "Prefab", "Path": "assets/character/mechs/prefabs/weapons/lancelot/chrPrfWeap_lancelot_leftarm_srm4_mh2.prefab", "AssetBundleName": "chrprfmech_lancelotbase-001" },
	{ "Type": "Prefab", "Path": "assets/character/mechs/prefabs/weapons/lancelot/chrPrfWeap_lancelot_leftarm_srm6_mh2.prefab", "AssetBundleName": "chrprfmech_lancelotbase-001" },
	{ "Type": "Prefab", "Path": "assets/character/mechs/prefabs/weapons/lancelot/chrPrfWeap_lancelot_leftarm_lrm15_mh2.prefab", "AssetBundleName": "chrprfmech_lancelotbase-001" },
	{ "Type": "Prefab", "Path": "assets/character/mechs/prefabs/weapons/lancelot/chrPrfWeap_lancelot_leftarm_srm20_mh2.prefab", "AssetBundleName": "chrprfmech_lancelotbase-001" },
	{ "Type": "Prefab", "Path": "assets/character/mechs/prefabs/weapons/lancelot/chrPrfWeap_lancelot_leftarm_laser_eh3.prefab", "AssetBundleName": "chrprfmech_lancelotbase-001" },
	{ "Type": "Prefab", "Path": "assets/character/mechs/prefabs/weapons/lancelot/chrPrfWeap_lancelot_leftarm_flamer_eh3.prefab", "AssetBundleName": "chrprfmech_lancelotbase-001" },
	{ "Type": "Prefab", "Path": "assets/character/mechs/prefabs/weapons/lancelot/chrPrfWeap_lancelot_leftarm_ppc_eh3.prefab", "AssetBundleName": "chrprfmech_lancelotbase-001" },
	{ "Type": "Prefab", "Path": "assets/character/mechs/prefabs/weapons/lancelot/chrPrfWeap_lancelot_leftarm_mg_bh3.prefab", "AssetBundleName": "chrprfmech_lancelotbase-001" },
	{ "Type": "Prefab", "Path": "assets/character/mechs/prefabs/weapons/lancelot/chrPrfWeap_lancelot_leftarm_ac20_bh3.prefab", "AssetBundleName": "chrprfmech_lancelotbase-001" },
	
	{ "Type": "Prefab", "Path": "assets/character/mechs/prefabs/weapons/lancelot/chrPrfWeap_lancelot_lefttorso_laser_eh1.prefab", "AssetBundleName": "chrprfmech_lancelotbase-001" },
	{ "Type": "Prefab", "Path": "assets/character/mechs/prefabs/weapons/lancelot/chrPrfWeap_lancelot_lefttorso_flamer_eh1.prefab", "AssetBundleName": "chrprfmech_lancelotbase-001" },
	{ "Type": "Prefab", "Path": "assets/character/mechs/prefabs/weapons/lancelot/chrPrfWeap_lancelot_lefttorso_ppc_eh1.prefab", "AssetBundleName": "chrprfmech_lancelotbase-001" },
	
	{ "Type": "Prefab", "Path": "assets/character/mechs/prefabs/weapons/lancelot/chrPrfWeap_lancelot_rightarm_laser_eh1.prefab", "AssetBundleName": "chrprfmech_lancelotbase-001" },
	{ "Type": "Prefab", "Path": "assets/character/mechs/prefabs/weapons/lancelot/chrPrfWeap_lancelot_rightarm_flamer_eh1.prefab", "AssetBundleName": "chrprfmech_lancelotbase-001" },
	{ "Type": "Prefab", "Path": "assets/character/mechs/prefabs/weapons/lancelot/chrPrfWeap_lancelot_rightarm_ppc_eh1.prefab", "AssetBundleName": "chrprfmech_lancelotbase-001" },
	{ "Type": "Prefab", "Path": "assets/character/mechs/prefabs/weapons/lancelot/chrPrfWeap_lancelot_rightarm_gauss_bh1.prefab", "AssetBundleName": "chrprfmech_lancelotbase-001" },
	{ "Type": "Prefab", "Path": "assets/character/mechs/prefabs/weapons/lancelot/chrPrfWeap_lancelot_rightarm_mg_bh1.prefab", "AssetBundleName": "chrprfmech_lancelotbase-001" },
	{ "Type": "Prefab", "Path": "assets/character/mechs/prefabs/weapons/lancelot/chrPrfWeap_lancelot_rightarm_ac20_bh1.prefab", "AssetBundleName": "chrprfmech_lancelotbase-001" },
	{ "Type": "Prefab", "Path": "assets/character/mechs/prefabs/weapons/lancelot/chrPrfWeap_lancelot_rightarm_srm4_mh1.prefab", "AssetBundleName": "chrprfmech_lancelotbase-001" },
	{ "Type": "Prefab", "Path": "assets/character/mechs/prefabs/weapons/lancelot/chrPrfWeap_lancelot_rightarm_srm6_mh1.prefab", "AssetBundleName": "chrprfmech_lancelotbase-001" },
	{ "Type": "Prefab", "Path": "assets/character/mechs/prefabs/weapons/lancelot/chrPrfWeap_lancelot_rightarm_lrm15_mh1.prefab", "AssetBundleName": "chrprfmech_lancelotbase-001" },
	{ "Type": "Prefab", "Path": "assets/character/mechs/prefabs/weapons/lancelot/chrPrfWeap_lancelot_rightarm_srm20_mh1.prefab", "AssetBundleName": "chrprfmech_lancelotbase-001" },
	{ "Type": "Prefab", "Path": "assets/character/mechs/prefabs/weapons/lancelot/chrPrfWeap_lancelot_rightarm_laser_eh2.prefab", "AssetBundleName": "chrprfmech_lancelotbase-001" },
	{ "Type": "Prefab", "Path": "assets/character/mechs/prefabs/weapons/lancelot/chrPrfWeap_lancelot_rightarm_flamer_eh2.prefab", "AssetBundleName": "chrprfmech_lancelotbase-001" },
	{ "Type": "Prefab", "Path": "assets/character/mechs/prefabs/weapons/lancelot/chrPrfWeap_lancelot_rightarm_ppc_eh2.prefab", "AssetBundleName": "chrprfmech_lancelotbase-001" },
	{ "Type": "Prefab", "Path": "assets/character/mechs/prefabs/weapons/lancelot/chrPrfWeap_lancelot_rightarm_mg_bh2.prefab", "AssetBundleName": "chrprfmech_lancelotbase-001" },
	{ "Type": "Prefab", "Path": "assets/character/mechs/prefabs/weapons/lancelot/chrPrfWeap_lancelot_rightarm_ac20_bh2.prefab", "AssetBundleName": "chrprfmech_lancelotbase-001" },
	{ "Type": "Prefab", "Path": "assets/character/mechs/prefabs/weapons/lancelot/chrPrfWeap_lancelot_rightarm_srm4_mh2.prefab", "AssetBundleName": "chrprfmech_lancelotbase-001" },
	{ "Type": "Prefab", "Path": "assets/character/mechs/prefabs/weapons/lancelot/chrPrfWeap_lancelot_rightarm_srm6_mh2.prefab", "AssetBundleName": "chrprfmech_lancelotbase-001" },
	{ "Type": "Prefab", "Path": "assets/character/mechs/prefabs/weapons/lancelot/chrPrfWeap_lancelot_rightarm_lrm15_mh2.prefab", "AssetBundleName": "chrprfmech_lancelotbase-001" },
	{ "Type": "Prefab", "Path": "assets/character/mechs/prefabs/weapons/lancelot/chrPrfWeap_lancelot_rightarm_srm20_mh2.prefab", "AssetBundleName": "chrprfmech_lancelotbase-001" },
	{ "Type": "Prefab", "Path": "assets/character/mechs/prefabs/weapons/lancelot/chrPrfWeap_lancelot_rightarm_laser_eh3.prefab", "AssetBundleName": "chrprfmech_lancelotbase-001" },
	{ "Type": "Prefab", "Path": "assets/character/mechs/prefabs/weapons/lancelot/chrPrfWeap_lancelot_rightarm_flamer_eh3.prefab", "AssetBundleName": "chrprfmech_lancelotbase-001" },
	{ "Type": "Prefab", "Path": "assets/character/mechs/prefabs/weapons/lancelot/chrPrfWeap_lancelot_rightarm_ppc_eh3.prefab", "AssetBundleName": "chrprfmech_lancelotbase-001" },
	{ "Type": "Prefab", "Path": "assets/character/mechs/prefabs/weapons/lancelot/chrPrfWeap_lancelot_rightarm_mg_bh3.prefab", "AssetBundleName": "chrprfmech_lancelotbase-001" },
	{ "Type": "Prefab", "Path": "assets/character/mechs/prefabs/weapons/lancelot/chrPrfWeap_lancelot_rightarm_ac20_bh3.prefab", "AssetBundleName": "chrprfmech_lancelotbase-001" },
	
	{ "Type": "Prefab", "Path": "assets/character/mechs/prefabs/weapons/lancelot/chrPrfWeap_lancelot_righttorso_laser_eh1.prefab", "AssetBundleName": "chrprfmech_lancelotbase-001" },
	{ "Type": "Prefab", "Path": "assets/character/mechs/prefabs/weapons/lancelot/chrPrfWeap_lancelot_righttorso_flamer_eh1.prefab", "AssetBundleName": "chrprfmech_lancelotbase-001" },
	{ "Type": "Prefab", "Path": "assets/character/mechs/prefabs/weapons/lancelot/chrPrfWeap_lancelot_righttorso_ppc_eh1.prefab", "AssetBundleName": "chrprfmech_lancelotbase-001" },
	
	{ "Type": "Prefab", "Path": "assets/character/mechs/prefabs/weapons/lancelot/chrPrfWeap_lancelot_head_laser_eh1.prefab", "AssetBundleName": "chrprfmech_lancelotbase-001" },
	{ "Type": "Prefab", "Path": "assets/character/mechs/prefabs/weapons/lancelot/chrPrfWeap_lancelot_head_flamer_eh1.prefab", "AssetBundleName": "chrprfmech_lancelotbase-001" },
	
		{ "Type": "UpgradeDef", "Path": "upgrades", "ShouldMergeJSON": false  },
		{ "Type": "HeatSinkDef", "Path": "heatsinks", "AddToDB": true },
        { "Type": "ChassisDef", "Path": "chassis" },
        { "Type": "HardpointDataDef", "Path": "hardpoints" },
        { "Type": "MechDef", "Path": "mech" },
        { "Type": "MovementCapabilitiesDef", "Path": "movement" },
        { "Type": "Sprite", "Path": "portraits" },
		{ "Type": "ItemCollectionDef", "Path": "itemCollections", "AddToDB": false },
		{ "Type": "ItemCollectionDef", "Path": "itemCollectionsE3025", "AddToDB": true },
		{ "Type": "WeaponDef", "Path": "weapon", "AddToDB": true }
    ]
}