{
    "Name": "BT_Extended_3025",
    "Enabled": true,

	"Version": "1.6.0.0",
	"PackagedOn": "2019-06-04T16:45:00Z",
	
	"DependsOn": ["CommunityBundles"],
	"OptionallyDependsOn": ["LC_SLDFRoyal_DLC", "LC_SLDFRoyal_Addon", "LC_SLDFRoyal_WR", "LC_SLDFRoyal_Unique", "BT_Extended_3025_Plus"],

    "Manifest": [
		{ "Type": "UpgradeDef", "Path": "upgrades", "ShouldMergeJSON": false  },
		{ "Type": "HeatSinkDef", "Path": "heatsinks", "AddToDB": true },
        { "Type": "ChassisDef", "Path": "chassis" },
        { "Type": "HardpointDataDef", "Path": "hardpoints" },
        { "Type": "MechDef", "Path": "mech" },
        { "Type": "MovementCapabilitiesDef", "Path": "movement" },
        { "Type": "Sprite", "Path": "portraits" },
		{ "Type": "ItemCollectionDef", "Path": "itemCollections", "AddToDB": false },
		{ "Type": "ItemCollectionDef", "Path": "itemCollectionsE3025", "AddToDB": true },
		{ "Type": "WeaponDef", "Path": "weapon", "AddToDB": true }
    ]
}