{
    "MechTags": {
        "items": [
            "unit_jumpOK",
            "unit_indirectFire",
            "unit_release",
            "unit_mech",
            "unit_medium",
            "unit_ready",
            "unit_lance_support",
            "unit_role_sniper"
        ],
        "tagSetSourceFile": ""
    },
    "ChassisID": "chassisdef_whitworth_WTH-1",
    "HeraldryID": null,
    "Description": {
        "Cost": 3980000,
        "Rarity": 1,
        "Purchasable": true,
        "Manufacturer": null,
        "Model": null,
        "UIName": "Whitworth WTH-1",
        "Id": "mechdef_whitworth_WTH-1",
        "Name": "Whitworth",
        "Details": "The Whitworth is something of an ugly duckling, known among both critics and fans as the Tin Woodsman. The Whitworth is somewhat effective, when used to provide LRM support to a recon lance.  While slow for it's size it can effectively defend itself from units of the same weight class and lighter at short ranges.",
        "Icon": "uixTxrIcon_whitworth"
    },
    "simGameMechPartCost": 400000,
    "Version": 1,
    "Locations": [
        {
            "DamageLevel": "Functional",
            "Location": "Head",
            "CurrentArmor": 45,
            "CurrentRearArmor": -1,
            "CurrentInternalStructure": 16,
            "AssignedArmor": 45,
            "AssignedRearArmor": -1
        },
        {
            "DamageLevel": "Functional",
            "Location": "LeftArm",
            "CurrentArmor": 60,
            "CurrentRearArmor": -1,
            "CurrentInternalStructure": 30,
            "AssignedArmor": 60,
            "AssignedRearArmor": -1
        },
        {
            "DamageLevel": "Functional",
            "Location": "LeftTorso",
            "CurrentArmor": 60,
            "CurrentRearArmor": 30,
            "CurrentInternalStructure": 50,
            "AssignedArmor": 60,
            "AssignedRearArmor": 30
        },
        {
            "DamageLevel": "Functional",
            "Location": "CenterTorso",
            "CurrentArmor": 80,
            "CurrentRearArmor": 35,
            "CurrentInternalStructure": 60,
            "AssignedArmor": 80,
            "AssignedRearArmor": 35
        },
        {
            "DamageLevel": "Functional",
            "Location": "RightTorso",
            "CurrentArmor": 60,
            "CurrentRearArmor": 30,
            "CurrentInternalStructure": 50,
            "AssignedArmor": 60,
            "AssignedRearArmor": 30
        },
        {
            "DamageLevel": "Functional",
            "Location": "RightArm",
            "CurrentArmor": 60,
            "CurrentRearArmor": -1,
            "CurrentInternalStructure": 30,
            "AssignedArmor": 60,
            "AssignedRearArmor": -1
        },
        {
            "DamageLevel": "Functional",
            "Location": "LeftLeg",
            "CurrentArmor": 90,
            "CurrentRearArmor": -1,
            "CurrentInternalStructure": 50,
            "AssignedArmor": 90,
            "AssignedRearArmor": -1
        },
        {
            "DamageLevel": "Functional",
            "Location": "RightLeg",
            "CurrentArmor": 90,
            "CurrentRearArmor": -1,
            "CurrentInternalStructure": 50,
            "AssignedArmor": 90,
            "AssignedRearArmor": -1
        }
    ],
    "inventory": [
        {
            "MountedLocation": "Head",
            "ComponentDefID": "Weapon_Laser_MediumLaser_0-STOCK",
            "SimGameUID": null,
            "ComponentDefType": "Weapon",
            "HardpointSlot": 0,
            "GUID": null,
            "DamageLevel": "Functional",
            "prefabName": null,
            "hasPrefabName": false
        },
        {
            "MountedLocation": "LeftArm",
            "ComponentDefID": "Weapon_Laser_MediumLaser_0-STOCK",
            "SimGameUID": null,
            "ComponentDefType": "Weapon",
            "HardpointSlot": 0,
            "GUID": null,
            "DamageLevel": "Functional",
            "prefabName": null,
            "hasPrefabName": false
        },
        {
            "MountedLocation": "LeftTorso",
            "ComponentDefID": "Weapon_LRM_LRM10_0-STOCK",
            "SimGameUID": null,
            "ComponentDefType": "Weapon",
            "HardpointSlot": 0,
            "GUID": null,
            "DamageLevel": "Functional",
            "prefabName": null,
            "hasPrefabName": false
        },
        {
            "MountedLocation": "LeftTorso",
            "ComponentDefID": "Ammo_AmmunitionBox_Generic_LRM",
            "SimGameUID": null,
            "ComponentDefType": "AmmunitionBox",
            "HardpointSlot": -1,
            "GUID": null,
            "DamageLevel": "Functional",
            "prefabName": null,
            "hasPrefabName": false
        },
        {
            "MountedLocation": "RightTorso",
            "ComponentDefID": "Weapon_LRM_LRM10_0-STOCK",
            "SimGameUID": null,
            "ComponentDefType": "Weapon",
            "HardpointSlot": 0,
            "GUID": null,
            "DamageLevel": "Functional",
            "prefabName": null,
            "hasPrefabName": false
        },
        {
            "MountedLocation": "RightTorso",
            "ComponentDefID": "Ammo_AmmunitionBox_Generic_LRM",
            "SimGameUID": null,
            "ComponentDefType": "AmmunitionBox",
            "HardpointSlot": -1,
            "GUID": null,
            "DamageLevel": "Functional",
            "prefabName": null,
            "hasPrefabName": false
        },
        {
            "MountedLocation": "RightArm",
            "ComponentDefID": "Weapon_Laser_MediumLaser_0-STOCK",
            "SimGameUID": null,
            "ComponentDefType": "Weapon",
            "HardpointSlot": 0,
            "GUID": null,
            "DamageLevel": "Functional",
            "prefabName": null,
            "hasPrefabName": false
        },
        {
            "MountedLocation": "LeftLeg",
            "ComponentDefID": "Gear_JumpJet_Generic_Standard",
            "SimGameUID": null,
            "ComponentDefType": "JumpJet",
            "HardpointSlot": -1,
            "GUID": null,
            "DamageLevel": "Functional",
            "prefabName": null,
            "hasPrefabName": false
        },
        {
            "MountedLocation": "LeftLeg",
            "ComponentDefID": "Gear_JumpJet_Generic_Standard",
            "SimGameUID": null,
            "ComponentDefType": "JumpJet",
            "HardpointSlot": -1,
            "GUID": null,
            "DamageLevel": "Functional",
            "prefabName": null,
            "hasPrefabName": false
        },
        {
            "MountedLocation": "RightLeg",
            "ComponentDefID": "Gear_JumpJet_Generic_Standard",
            "SimGameUID": null,
            "ComponentDefType": "JumpJet",
            "HardpointSlot": -1,
            "GUID": null,
            "DamageLevel": "Functional",
            "prefabName": null,
            "hasPrefabName": false
        },
        {
            "MountedLocation": "RightLeg",
            "ComponentDefID": "Gear_JumpJet_Generic_Standard",
            "SimGameUID": null,
            "ComponentDefType": "JumpJet",
            "HardpointSlot": -1,
            "GUID": null,
            "DamageLevel": "Functional",
            "prefabName": null,
            "hasPrefabName": false
        }
    ]
}