{
    "MechTags": {
        "items": [
            "unit_release",
            "unit_jumpOK",
            "unit_mech",
            "unit_heavy",
            "unit_lance_tank",
            "unit_role_sniper",
            "unit_release",
			"BLACKLISTED"
        ],
        "tagSetSourceFile": ""
    },
    "ChassisID": "chassisdef_marauder_MAD-BH",
    "HeraldryID": null,
    "Description": {
        "Cost": 8660000,
        "Rarity": 4,
        "Purchasable": false,
        "Manufacturer": null,
        "Model": null,
        "UIName": "Marauder MAD-BH",
        "Id": "mechdef_marauder_MAD-BH",
        "Name": "Marauder Bounty Hunter",
        "Details": "The Marauder was first built by General Motors in 2612 for use as an attack and direct fire support BattleMech. The first 'Mech to diverge from the traditional humanoid shape of previous machines, the Marauder was one of the most well-known 'Mechs in existence and originally meant to usher in a new generation of 'Mechs. Unfortunately, with the fall of the Star League, this new generation never quite materialized. On its own merits though, the Marauder was a devastatingly powerful 'Mech, outclassed only by larger machines like the Stalker and BattleMaster.",
        "Icon": "uixTxrIcon_marauder"
    },
    "simGameMechPartCost": 870000,
    "Version": 1,
    "Locations": [
        {
            "DamageLevel": "Functional",
            "Location": "Head",
            "CurrentArmor": 45,
            "CurrentRearArmor": -1,
            "CurrentInternalStructure": 16,
            "AssignedArmor": 45,
            "AssignedRearArmor": -1
        },
        {
            "DamageLevel": "Functional",
            "Location": "LeftArm",
            "CurrentArmor": 120,
            "CurrentRearArmor": -1,
            "CurrentInternalStructure": 60,
            "AssignedArmor": 120,
            "AssignedRearArmor": -1
        },
        {
            "DamageLevel": "Functional",
            "Location": "LeftTorso",
            "CurrentArmor": 120,
            "CurrentRearArmor": 40,
            "CurrentInternalStructure": 80,
            "AssignedArmor": 120,
            "AssignedRearArmor": 40
        },
        {
            "DamageLevel": "Functional",
            "Location": "CenterTorso",
            "CurrentArmor": 180,
            "CurrentRearArmor": 50,
            "CurrentInternalStructure": 115,
            "AssignedArmor": 180,
            "AssignedRearArmor": 50
        },
        {
            "DamageLevel": "Functional",
            "Location": "RightTorso",
            "CurrentArmor": 120,
            "CurrentRearArmor": 40,
            "CurrentInternalStructure": 80,
            "AssignedArmor": 120,
            "AssignedRearArmor": 40
        },
        {
            "DamageLevel": "Functional",
            "Location": "RightArm",
            "CurrentArmor": 120,
            "CurrentRearArmor": -1,
            "CurrentInternalStructure": 60,
            "AssignedArmor": 120,
            "AssignedRearArmor": -1
        },
        {
            "DamageLevel": "Functional",
            "Location": "LeftLeg",
            "CurrentArmor": 160,
            "CurrentRearArmor": -1,
            "CurrentInternalStructure": 80,
            "AssignedArmor": 160,
            "AssignedRearArmor": -1
        },
        {
            "DamageLevel": "Functional",
            "Location": "RightLeg",
            "CurrentArmor": 160,
            "CurrentRearArmor": -1,
            "CurrentInternalStructure": 80,
            "AssignedArmor": 160,
            "AssignedRearArmor": -1
        }
    ],
    "inventory": [
        {
            "MountedLocation": "LeftArm",
            "ComponentDefID": "Weapon_PPC_PPC_0-STOCK",
            "SimGameUID": null,
            "ComponentDefType": "Weapon",
            "HardpointSlot": 0,
            "GUID": null,
            "DamageLevel": "Functional",
            "prefabName": null,
            "hasPrefabName": false
        },
        {
            "MountedLocation": "LeftArm",
            "ComponentDefID": "Weapon_Laser_MediumLaser_0-STOCK",
            "SimGameUID": null,
            "ComponentDefType": "Weapon",
            "HardpointSlot": 1,
            "GUID": null,
            "DamageLevel": "Functional",
            "prefabName": null,
            "hasPrefabName": false
        },
        {
            "MountedLocation": "LeftArm",
            "ComponentDefID": "Gear_HeatSink_Generic_Double",
            "SimGameUID": "",
            "ComponentDefType": "HeatSink",
            "HardpointSlot": -1,
            "GUID": null,
            "DamageLevel": "Functional",
            "prefabName": null,
            "hasPrefabName": false
        },
        {
            "MountedLocation": "LeftArm",
            "ComponentDefID": "Gear_HeatSink_Generic_Double",
            "SimGameUID": "",
            "ComponentDefType": "HeatSink",
            "HardpointSlot": -1,
            "GUID": null,
            "DamageLevel": "Functional",
            "prefabName": null,
            "hasPrefabName": false
        },
        {
            "MountedLocation": "LeftTorso",
            "ComponentDefID": "Weapon_Laser_MediumLaser_0-STOCK",
            "SimGameUID": null,
            "ComponentDefType": "Weapon",
            "HardpointSlot": 0,
            "GUID": null,
            "DamageLevel": "Functional",
            "prefabName": null,
            "hasPrefabName": false
        },
        {
            "MountedLocation": "LeftTorso",
            "ComponentDefID": "Gear_HeatSink_Generic_Double",
            "SimGameUID": "",
            "ComponentDefType": "HeatSink",
            "HardpointSlot": -1,
            "GUID": null,
            "DamageLevel": "Functional",
            "prefabName": null,
            "hasPrefabName": false
        },
        {
            "MountedLocation": "LeftTorso",
            "ComponentDefID": "Gear_HeatSink_Generic_Double",
            "SimGameUID": "",
            "ComponentDefType": "HeatSink",
            "HardpointSlot": -1,
            "GUID": null,
            "DamageLevel": "Functional",
            "prefabName": null,
            "hasPrefabName": false
        },
        {
            "MountedLocation": "LeftTorso",
            "ComponentDefID": "Gear_HeatSink_Generic_Double",
            "SimGameUID": "",
            "ComponentDefType": "HeatSink",
            "HardpointSlot": -1,
            "GUID": null,
            "DamageLevel": "Functional",
            "prefabName": null,
            "hasPrefabName": false
        },
        {
            "MountedLocation": "CenterTorso",
            "ComponentDefID": "Gear_JumpJet_Generic_Heavy",
            "SimGameUID": null,
            "ComponentDefType": "JumpJet",
            "HardpointSlot": -1,
            "GUID": null,
            "DamageLevel": "Functional",
            "prefabName": null,
            "hasPrefabName": false
        },
        {
            "MountedLocation": "CenterTorso",
            "ComponentDefID": "Weapon_Laser_MediumLaser_0-STOCK",
            "SimGameUID": null,
            "ComponentDefType": "Weapon",
            "HardpointSlot": 0,
            "GUID": null,
            "DamageLevel": "Functional",
            "prefabName": null,
            "hasPrefabName": false
        },
        {
            "MountedLocation": "RightTorso",
            "ComponentDefID": "Weapon_PPC_PPC_0-STOCK",
            "SimGameUID": null,
            "ComponentDefType": "Weapon",
            "HardpointSlot": 0,
            "GUID": null,
            "DamageLevel": "Functional",
            "prefabName": null,
            "hasPrefabName": false
        },
        {
            "MountedLocation": "RightTorso",
            "ComponentDefID": "Weapon_Laser_MediumLaser_0-STOCK",
            "SimGameUID": null,
            "ComponentDefType": "Weapon",
            "HardpointSlot": 1,
            "GUID": null,
            "DamageLevel": "Functional",
            "prefabName": null,
            "hasPrefabName": false
        },
        {
            "MountedLocation": "RightTorso",
            "ComponentDefID": "Gear_HeatSink_Generic_Double",
            "SimGameUID": "",
            "ComponentDefType": "HeatSink",
            "HardpointSlot": -1,
            "GUID": null,
            "DamageLevel": "Functional",
            "prefabName": null,
            "hasPrefabName": false
        },
        {
            "MountedLocation": "RightTorso",
            "ComponentDefID": "Gear_HeatSink_Generic_Double",
            "SimGameUID": "",
            "ComponentDefType": "HeatSink",
            "HardpointSlot": -1,
            "GUID": null,
            "DamageLevel": "Functional",
            "prefabName": null,
            "hasPrefabName": false
        },
        {
            "MountedLocation": "RightArm",
            "ComponentDefID": "Weapon_PPC_PPC_0-STOCK",
            "SimGameUID": null,
            "ComponentDefType": "Weapon",
            "HardpointSlot": 0,
            "GUID": null,
            "DamageLevel": "Functional",
            "prefabName": null,
            "hasPrefabName": false
        },
        {
            "MountedLocation": "RightArm",
            "ComponentDefID": "Weapon_Laser_MediumLaser_0-STOCK",
            "SimGameUID": null,
            "ComponentDefType": "Weapon",
            "HardpointSlot": 1,
            "GUID": null,
            "DamageLevel": "Functional",
            "prefabName": null,
            "hasPrefabName": false
        },
        {
            "MountedLocation": "RightArm",
            "ComponentDefID": "Gear_HeatSink_Generic_Double",
            "SimGameUID": "",
            "ComponentDefType": "HeatSink",
            "HardpointSlot": -1,
            "GUID": null,
            "DamageLevel": "Functional",
            "prefabName": null,
            "hasPrefabName": false
        },
        {
            "MountedLocation": "RightArm",
            "ComponentDefID": "Gear_HeatSink_Generic_Double",
            "SimGameUID": "",
            "ComponentDefType": "HeatSink",
            "HardpointSlot": -1,
            "GUID": null,
            "DamageLevel": "Functional",
            "prefabName": null,
            "hasPrefabName": false
        },
        {
            "MountedLocation": "LeftLeg",
            "ComponentDefID": "Gear_JumpJet_Generic_Heavy",
            "SimGameUID": null,
            "ComponentDefType": "JumpJet",
            "HardpointSlot": -1,
            "GUID": null,
            "DamageLevel": "Functional",
            "prefabName": null,
            "hasPrefabName": false
        },
        {
            "MountedLocation": "RightLeg",
            "ComponentDefID": "Gear_JumpJet_Generic_Heavy",
            "SimGameUID": null,
            "ComponentDefType": "JumpJet",
            "HardpointSlot": -1,
            "GUID": null,
            "DamageLevel": "Functional",
            "prefabName": null,
            "hasPrefabName": false
        }
    ]
}