{
    "MechTags": {
        "items": [
            "unit_mech",
            "unit_medium",
            "unit_lance_vanguard",
            "unit_role_sniper",
            "unit_release"
        ],
        "tagSetSourceFile": ""
    },
    "ChassisID": "chassisdef_clint_CLNT-1-2R",
    "HeraldryID": null,
    "Description": {
        "Cost": 3940000,
        "Rarity": 1,
        "Purchasable": true,
        "Manufacturer": null,
        "Model": null,
        "UIName": "Clint CLNT-1-2R",
        "Id": "mechdef_clint_CLNT-1-2R",
        "Name": "Clint",
        "Details": "The Clint was primarily designed as a cheap recon unit, with the capabilities of a well-armed, low-end medium weight 'Mech, and in this regard it serves well. The 1-2R Clint was the original prototype variant that carried an Autocannon/10 with a single Medium Laser as a secondary weapon and no jump jets. Very few of these were produced, though attempts to emulate them have appeared.",
        "Icon": "uixTxrIcon_clint"
    },
    "simGameMechPartCost": 390000,
    "Version": 1,
    "Locations": [
        {
            "DamageLevel": "Functional",
            "Location": "Head",
            "CurrentArmor": 45,
            "CurrentRearArmor": -1,
            "CurrentInternalStructure": 16,
            "AssignedArmor": 45,
            "AssignedRearArmor": -1
        },
        {
            "DamageLevel": "Functional",
            "Location": "LeftArm",
            "CurrentArmor": 30,
            "CurrentRearArmor": -1,
            "CurrentInternalStructure": 30,
            "AssignedArmor": 30,
            "AssignedRearArmor": -1
        },
        {
            "DamageLevel": "Functional",
            "Location": "LeftTorso",
            "CurrentArmor": 30,
            "CurrentRearArmor": 20,
            "CurrentInternalStructure": 50,
            "AssignedArmor": 30,
            "AssignedRearArmor": 20
        },
        {
            "DamageLevel": "Functional",
            "Location": "CenterTorso",
            "CurrentArmor": 55,
            "CurrentRearArmor": 20,
            "CurrentInternalStructure": 60,
            "AssignedArmor": 55,
            "AssignedRearArmor": 20
        },
        {
            "DamageLevel": "Functional",
            "Location": "RightTorso",
            "CurrentArmor": 30,
            "CurrentRearArmor": 20,
            "CurrentInternalStructure": 50,
            "AssignedArmor": 30,
            "AssignedRearArmor": 20
        },
        {
            "DamageLevel": "Functional",
            "Location": "RightArm",
            "CurrentArmor": 30,
            "CurrentRearArmor": -1,
            "CurrentInternalStructure": 30,
            "AssignedArmor": 30,
            "AssignedRearArmor": -1
        },
        {
            "DamageLevel": "Functional",
            "Location": "LeftLeg",
            "CurrentArmor": 40,
            "CurrentRearArmor": -1,
            "CurrentInternalStructure": 50,
            "AssignedArmor": 40,
            "AssignedRearArmor": -1
        },
        {
            "DamageLevel": "Functional",
            "Location": "RightLeg",
            "CurrentArmor": 40,
            "CurrentRearArmor": -1,
            "CurrentInternalStructure": 50,
            "AssignedArmor": 40,
            "AssignedRearArmor": -1
        }
    ],
    "inventory": [
        {
            "MountedLocation": "CenterTorso",
            "ComponentDefID": "Weapon_Laser_MediumLaser_0-STOCK",
            "SimGameUID": null,
            "ComponentDefType": "Weapon",
            "HardpointSlot": 0,
            "GUID": null,
            "DamageLevel": "Functional",
            "prefabName": null,
            "hasPrefabName": false
        },
        {
            "MountedLocation": "RightTorso",
            "ComponentDefID": "Ammo_AmmunitionBox_Generic_AC10",
            "SimGameUID": null,
            "ComponentDefType": "AmmunitionBox",
            "HardpointSlot": -1,
            "GUID": null,
            "DamageLevel": "Functional",
            "prefabName": null,
            "hasPrefabName": false
        },
        {
            "MountedLocation": "RightArm",
            "ComponentDefID": "Weapon_Autocannon_AC10_0-STOCK",
            "SimGameUID": null,
            "ComponentDefType": "Weapon",
            "HardpointSlot": 0,
            "GUID": null,
            "DamageLevel": "Functional",
            "prefabName": null,
            "hasPrefabName": false
        }
    ]
}