{
    "MechTags": {
        "items": [
            "unit_mech",
            "unit_heavy",
            "unit_lance_tank",
            "unit_lance_vanguard",
            "unit_role_brawler",
            "unit_release"
        ],
        "tagSetSourceFile": ""
    },
    "ChassisID": "chassisdef_ostsol_OTL-4D",
    "HeraldryID": null,
    "Description": {
        "Cost": 6980000,
        "Rarity": 2,
        "Purchasable": true,
        "Manufacturer": null,
        "Model": null,
        "UIName": "Ostsol OTL-4D",
        "Id": "mechdef_ostsol_OTL-4D",
        "Name": "Ostsol",
        "Details": "The Ostsol 4D uses an all-laser weapons array which is particularly geared to close-quarters fighting. A versatile 'Mech, the Ostsol can operate as part of heavy lances in order to provide close-range firepower or lead recon and raiding lances thanks to its fast speed for a heavy 'Mech.",
        "Icon": "uixTxrIcon_ostsol"
    },
    "simGameMechPartCost": 700000,
    "Version": 1,
    "Locations": [
        {
            "DamageLevel": "Functional",
            "Location": "Head",
            "CurrentArmor": 40,
            "CurrentRearArmor": -1,
            "CurrentInternalStructure": 16,
            "AssignedArmor": 40,
            "AssignedRearArmor": -1
        },
        {
            "DamageLevel": "Functional",
            "Location": "LeftArm",
            "CurrentArmor": 40,
            "CurrentRearArmor": -1,
            "CurrentInternalStructure": 50,
            "AssignedArmor": 40,
            "AssignedRearArmor": -1
        },
        {
            "DamageLevel": "Functional",
            "Location": "LeftTorso",
            "CurrentArmor": 110,
            "CurrentRearArmor": 20,
            "CurrentInternalStructure": 70,
            "AssignedArmor": 110,
            "AssignedRearArmor": 20
        },
        {
            "DamageLevel": "Functional",
            "Location": "CenterTorso",
            "CurrentArmor": 110,
            "CurrentRearArmor": 30,
            "CurrentInternalStructure": 100,
            "AssignedArmor": 110,
            "AssignedRearArmor": 30
        },
        {
            "DamageLevel": "Functional",
            "Location": "RightTorso",
            "CurrentArmor": 110,
            "CurrentRearArmor": 20,
            "CurrentInternalStructure": 70,
            "AssignedArmor": 110,
            "AssignedRearArmor": 20
        },
        {
            "DamageLevel": "Functional",
            "Location": "RightArm",
            "CurrentArmor": 40,
            "CurrentRearArmor": -1,
            "CurrentInternalStructure": 50,
            "AssignedArmor": 40,
            "AssignedRearArmor": -1
        },
        {
            "DamageLevel": "Functional",
            "Location": "LeftLeg",
            "CurrentArmor": 100,
            "CurrentRearArmor": -1,
            "CurrentInternalStructure": 70,
            "AssignedArmor": 100,
            "AssignedRearArmor": -1
        },
        {
            "DamageLevel": "Functional",
            "Location": "RightLeg",
            "CurrentArmor": 100,
            "CurrentRearArmor": -1,
            "CurrentInternalStructure": 70,
            "AssignedArmor": 100,
            "AssignedRearArmor": -1
        }
    ],
    "inventory": [
        {
            "MountedLocation": "LeftTorso",
            "ComponentDefID": "Weapon_Laser_LargeLaser_0-STOCK",
            "SimGameUID": null,
            "ComponentDefType": "Weapon",
            "HardpointSlot": 0,
            "GUID": null,
            "DamageLevel": "Functional",
            "prefabName": null,
            "hasPrefabName": false
        },
        {
            "MountedLocation": "LeftTorso",
            "ComponentDefID": "Weapon_Laser_MediumLaser_0-STOCK",
            "SimGameUID": null,
            "ComponentDefType": "Weapon",
            "HardpointSlot": 0,
            "GUID": null,
            "DamageLevel": "Functional",
            "prefabName": null,
            "hasPrefabName": false
        },
        {
            "MountedLocation": "LeftTorso",
            "ComponentDefID": "Weapon_Laser_MediumLaser_0-STOCK",
            "SimGameUID": null,
            "ComponentDefType": "Weapon",
            "HardpointSlot": 0,
            "GUID": null,
            "DamageLevel": "Functional",
            "prefabName": null,
            "hasPrefabName": false
        },
        {
            "MountedLocation": "CenterTorso",
            "ComponentDefID": "Gear_HeatSink_Generic_Standard",
            "SimGameUID": null,
            "ComponentDefType": "HeatSink",
            "HardpointSlot": -1,
            "GUID": null,
            "DamageLevel": "Functional",
            "prefabName": null,
            "hasPrefabName": false
        },
        {
            "MountedLocation": "CenterTorso",
            "ComponentDefID": "Gear_HeatSink_Generic_Standard",
            "SimGameUID": null,
            "ComponentDefType": "HeatSink",
            "HardpointSlot": -1,
            "GUID": null,
            "DamageLevel": "Functional",
            "prefabName": null,
            "hasPrefabName": false
        },
        {
            "MountedLocation": "RightTorso",
            "ComponentDefID": "Weapon_Laser_LargeLaser_0-STOCK",
            "SimGameUID": null,
            "ComponentDefType": "Weapon",
            "HardpointSlot": 0,
            "GUID": null,
            "DamageLevel": "Functional",
            "prefabName": null,
            "hasPrefabName": false
        },
        {
            "MountedLocation": "RightTorso",
            "ComponentDefID": "Weapon_Laser_MediumLaser_0-STOCK",
            "SimGameUID": null,
            "ComponentDefType": "Weapon",
            "HardpointSlot": 0,
            "GUID": null,
            "DamageLevel": "Functional",
            "prefabName": null,
            "hasPrefabName": false
        },
        {
            "MountedLocation": "RightTorso",
            "ComponentDefID": "Weapon_Laser_MediumLaser_0-STOCK",
            "SimGameUID": null,
            "ComponentDefType": "Weapon",
            "HardpointSlot": 0,
            "GUID": null,
            "DamageLevel": "Functional",
            "prefabName": null,
            "hasPrefabName": false
        },
        {
            "MountedLocation": "LeftLeg",
            "ComponentDefID": "Gear_HeatSink_Generic_Standard",
            "SimGameUID": null,
            "ComponentDefType": "HeatSink",
            "HardpointSlot": -1,
            "GUID": null,
            "DamageLevel": "Functional",
            "prefabName": null,
            "hasPrefabName": false
        },
        {
            "MountedLocation": "LeftLeg",
            "ComponentDefID": "Gear_HeatSink_Generic_Standard",
            "SimGameUID": null,
            "ComponentDefType": "HeatSink",
            "HardpointSlot": -1,
            "GUID": null,
            "DamageLevel": "Functional",
            "prefabName": null,
            "hasPrefabName": false
        },
        {
            "MountedLocation": "RightLeg",
            "ComponentDefID": "Gear_HeatSink_Generic_Standard",
            "SimGameUID": null,
            "ComponentDefType": "HeatSink",
            "HardpointSlot": -1,
            "GUID": null,
            "DamageLevel": "Functional",
            "prefabName": null,
            "hasPrefabName": false
        },
        {
            "MountedLocation": "RightLeg",
            "ComponentDefID": "Gear_HeatSink_Generic_Standard",
            "SimGameUID": null,
            "ComponentDefType": "HeatSink",
            "HardpointSlot": -1,
            "GUID": null,
            "DamageLevel": "Functional",
            "prefabName": null,
            "hasPrefabName": false
        }
    ]
}