{
    "MechTags": {
        "items": [
            "unit_jumpOK",
            "unit_release",
            "unit_mech",
            "unit_medium",
            "unit_ready",
            "unit_lance_support",
            "unit_role_brawler"
        ],
        "tagSetSourceFile": ""
    },
    "ChassisID": "chassisdef_chameleon_CLN-7V",
    "HeraldryID": null,
    "Description": {
        "Cost": 6930000,
        "Rarity": 2,
        "Purchasable": true,
        "Manufacturer": null,
        "Model": null,
        "UIName": "Chameleon CLN-7V",
        "Id": "mechdef_chameleon_CLN-7V",
        "Name": "Chameleon",
        "Details": "Since the Terran Hegemony introduced it in 2510, the Chameleon has been the premiere training BattleMech for light- and medium-BattleMech Mechwarriors. Even in 3025, the Chameleon is widely used at academies and training cadres throughout the Inner Sphere.",
        "Icon": "uixTxrIcon_chameleon"
    },
    "simGameMechPartCost": 690000,
    "Version": 1,
    "Locations": [
        {
            "DamageLevel": "Functional",
            "Location": "Head",
            "CurrentArmor": 45,
            "CurrentRearArmor": -1,
            "CurrentInternalStructure": 16,
            "AssignedArmor": 45,
            "AssignedRearArmor": -1
        },
        {
            "DamageLevel": "Functional",
            "Location": "LeftArm",
            "CurrentArmor": 60,
            "CurrentRearArmor": -1,
            "CurrentInternalStructure": 40,
            "AssignedArmor": 60,
            "AssignedRearArmor": -1
        },
        {
            "DamageLevel": "Functional",
            "Location": "LeftTorso",
            "CurrentArmor": 60,
            "CurrentRearArmor": 20,
            "CurrentInternalStructure": 60,
            "AssignedArmor": 60,
            "AssignedRearArmor": 20
        },
        {
            "DamageLevel": "Functional",
            "Location": "CenterTorso",
            "CurrentArmor": 90,
            "CurrentRearArmor": 25,
            "CurrentInternalStructure": 80,
            "AssignedArmor": 90,
            "AssignedRearArmor": 25
        },
        {
            "DamageLevel": "Functional",
            "Location": "RightTorso",
            "CurrentArmor": 60,
            "CurrentRearArmor": 20,
            "CurrentInternalStructure": 60,
            "AssignedArmor": 60,
            "AssignedRearArmor": 20
        },
        {
            "DamageLevel": "Functional",
            "Location": "RightArm",
            "CurrentArmor": 60,
            "CurrentRearArmor": -1,
            "CurrentInternalStructure": 40,
            "AssignedArmor": 60,
            "AssignedRearArmor": -1
        },
        {
            "DamageLevel": "Functional",
            "Location": "LeftLeg",
            "CurrentArmor": 60,
            "CurrentRearArmor": -1,
            "CurrentInternalStructure": 60,
            "AssignedArmor": 60,
            "AssignedRearArmor": -1
        },
        {
            "DamageLevel": "Functional",
            "Location": "RightLeg",
            "CurrentArmor": 60,
            "CurrentRearArmor": -1,
            "CurrentInternalStructure": 60,
            "AssignedArmor": 60,
            "AssignedRearArmor": -1
        }
    ],
    "inventory": [
        {
            "MountedLocation": "LeftArm",
            "ComponentDefID": "Weapon_Laser_MediumLaser_0-STOCK",
            "SimGameUID": null,
            "ComponentDefType": "Weapon",
            "HardpointSlot": 0,
            "GUID": null,
            "DamageLevel": "Functional",
            "prefabName": null,
            "hasPrefabName": false
        },
		{
		  "MountedLocation": "LeftTorso",
		  "ComponentDefID": "Gear_JumpJet_Generic_Standard",
		  "SimGameUID": null,
		  "ComponentDefType": "JumpJet",
		  "HardpointSlot": -1,
		  "GUID": null,
		  "DamageLevel": "Functional",
		  "prefabName": null,
		  "hasPrefabName": false
		},
        {
            "MountedLocation": "LeftTorso",
            "ComponentDefID": "Weapon_MachineGun_MachineGun_0-STOCK",
            "SimGameUID": null,
            "ComponentDefType": "Weapon",
            "HardpointSlot": 0,
            "GUID": null,
            "DamageLevel": "Functional",
            "prefabName": null,
            "hasPrefabName": false
        },
        {
            "MountedLocation": "LeftTorso",
            "ComponentDefID": "Weapon_Laser_SmallLaser_0-STOCK",
            "SimGameUID": null,
            "ComponentDefType": "Weapon",
            "HardpointSlot": 0,
            "GUID": null,
            "DamageLevel": "Functional",
            "prefabName": null,
            "hasPrefabName": false
        },
        {
            "MountedLocation": "LeftTorso",
            "ComponentDefID": "Ammo_AmmunitionBox_Generic_MG",
            "SimGameUID": null,
            "ComponentDefType": "AmmunitionBox",
            "HardpointSlot": -1,
            "GUID": null,
            "DamageLevel": "Functional",
            "prefabName": null,
            "hasPrefabName": false
        },
		{
		  "MountedLocation": "RightTorso",
		  "ComponentDefID": "Gear_JumpJet_Generic_Standard",
		  "SimGameUID": null,
		  "ComponentDefType": "JumpJet",
		  "HardpointSlot": -1,
		  "GUID": null,
		  "DamageLevel": "Functional",
		  "prefabName": null,
		  "hasPrefabName": false
		},
        {
            "MountedLocation": "RightTorso",
            "ComponentDefID": "Weapon_MachineGun_MachineGun_0-STOCK",
            "SimGameUID": null,
            "ComponentDefType": "Weapon",
            "HardpointSlot": 0,
            "GUID": null,
            "DamageLevel": "Functional",
            "prefabName": null,
            "hasPrefabName": false
        },
        {
            "MountedLocation": "RightTorso",
            "ComponentDefID": "Weapon_Laser_SmallLaser_0-STOCK",
            "SimGameUID": null,
            "ComponentDefType": "Weapon",
            "HardpointSlot": 0,
            "GUID": null,
            "DamageLevel": "Functional",
            "prefabName": null,
            "hasPrefabName": false
        },
        {
            "MountedLocation": "RightTorso",
            "ComponentDefID": "Weapon_Laser_SmallLaser_0-STOCK",
            "SimGameUID": null,
            "ComponentDefType": "Weapon",
            "HardpointSlot": 0,
            "GUID": null,
            "DamageLevel": "Functional",
            "prefabName": null,
            "hasPrefabName": false
        },
        {
            "MountedLocation": "RightArm",
            "ComponentDefID": "Weapon_Laser_LargeLaser_0-STOCK",
            "SimGameUID": null,
            "ComponentDefType": "Weapon",
            "HardpointSlot": 0,
            "GUID": null,
            "DamageLevel": "Functional",
            "prefabName": null,
            "hasPrefabName": false
        },
        {
            "MountedLocation": "RightArm",
            "ComponentDefID": "Weapon_Laser_MediumLaser_0-STOCK",
            "SimGameUID": null,
            "ComponentDefType": "Weapon",
            "HardpointSlot": 0,
            "GUID": null,
            "DamageLevel": "Functional",
            "prefabName": null,
            "hasPrefabName": false
        },
		{
		  "MountedLocation": "LeftLeg",
		  "ComponentDefID": "Gear_JumpJet_Generic_Standard",
		  "SimGameUID": null,
		  "ComponentDefType": "JumpJet",
		  "HardpointSlot": -1,
		  "GUID": null,
		  "DamageLevel": "Functional",
		  "prefabName": null,
		  "hasPrefabName": false
		},
		{
		  "MountedLocation": "LeftLeg",
		  "ComponentDefID": "Gear_JumpJet_Generic_Standard",
		  "SimGameUID": null,
		  "ComponentDefType": "JumpJet",
		  "HardpointSlot": -1,
		  "GUID": null,
		  "DamageLevel": "Functional",
		  "prefabName": null,
		  "hasPrefabName": false
		},
		{
		  "MountedLocation": "RightLeg",
		  "ComponentDefID": "Gear_JumpJet_Generic_Standard",
		  "SimGameUID": null,
		  "ComponentDefType": "JumpJet",
		  "HardpointSlot": -1,
		  "GUID": null,
		  "DamageLevel": "Functional",
		  "prefabName": null,
		  "hasPrefabName": false
		},
		{
		  "MountedLocation": "RightLeg",
		  "ComponentDefID": "Gear_JumpJet_Generic_Standard",
		  "SimGameUID": null,
		  "ComponentDefType": "JumpJet",
		  "HardpointSlot": -1,
		  "GUID": null,
		  "DamageLevel": "Functional",
		  "prefabName": null,
		  "hasPrefabName": false
		}
    ]
}