{
    "MechTags": {
        "items": [
			"unit_indirectFire",
			"unit_mech",
			"unit_heavy",
			"unit_release",
			"unit_lance_support",
			"unit_role_sniper"
        ],
        "tagSetSourceFile": ""
    },
    "ChassisID": "chassisdef_bombardier_BMB-10D",
    "HeraldryID": null,
    "Description": {
        "Cost": 7960000,
        "Rarity": 3,
        "Purchasable": true,
        "Manufacturer": null,
        "Model": null,
        "UIName": "Bombardier BMB-10D",
        "Id": "mechdef_bombardier_BMB-10D",
        "Name": "Bombardier",
        "Details": "Continuing the trend toward specialized BattleMechs, the Bombardier was proposed to the Star League in 2735 by Wakazashi Enterprises as an artillery 'Mech. The Bombardier proved itself extremely effective at fulfilling the long-range fire support role, but while it has an excellent reach only two tons of ammunition means ammo runs dry after only twelve salvos.",
        "Icon": "uixTxrIcon_bombardier"
    },
    "simGameMechPartCost": 800000,
    "Version": 1,
    "Locations": [
        {
            "DamageLevel": "Functional",
            "Location": "Head",
            "CurrentArmor": 45,
            "CurrentRearArmor": -1,
            "CurrentInternalStructure": 16,
            "AssignedArmor": 45,
            "AssignedRearArmor": -1
        },
        {
            "DamageLevel": "Functional",
            "Location": "LeftArm",
            "CurrentArmor": 100,
            "CurrentRearArmor": -1,
            "CurrentInternalStructure": 50,
            "AssignedArmor": 100,
            "AssignedRearArmor": -1
        },
        {
            "DamageLevel": "Functional",
            "Location": "LeftTorso",
            "CurrentArmor": 100,
            "CurrentRearArmor": 50,
            "CurrentInternalStructure": 75,
            "AssignedArmor": 100,
            "AssignedRearArmor": 50
        },
        {
            "DamageLevel": "Functional",
            "Location": "CenterTorso",
            "CurrentArmor": 120,
            "CurrentRearArmor": 75,
            "CurrentInternalStructure": 105,
            "AssignedArmor": 120,
            "AssignedRearArmor": 75
        },
        {
            "DamageLevel": "Functional",
            "Location": "RightTorso",
            "CurrentArmor": 100,
            "CurrentRearArmor": 50,
            "CurrentInternalStructure": 75,
            "AssignedArmor": 100,
            "AssignedRearArmor": 50
        },
        {
            "DamageLevel": "Functional",
            "Location": "RightArm",
            "CurrentArmor": 100,
            "CurrentRearArmor": -1,
            "CurrentInternalStructure": 50,
            "AssignedArmor": 100,
            "AssignedRearArmor": -1
        },
        {
            "DamageLevel": "Functional",
            "Location": "LeftLeg",
            "CurrentArmor": 130,
            "CurrentRearArmor": -1,
            "CurrentInternalStructure": 75,
            "AssignedArmor": 130,
            "AssignedRearArmor": -1
        },
        {
            "DamageLevel": "Functional",
            "Location": "RightLeg",
            "CurrentArmor": 130,
            "CurrentRearArmor": -1,
            "CurrentInternalStructure": 75,
            "AssignedArmor": 130,
            "AssignedRearArmor": -1
        }
    ],
    "inventory": [
        {
            "MountedLocation": "LeftTorso",
            "ComponentDefID": "Weapon_LRM_LRM20_0-STOCK",
            "SimGameUID": null,
            "ComponentDefType": "Weapon",
            "HardpointSlot": 0,
            "GUID": null,
            "DamageLevel": "Functional",
            "prefabName": null,
            "hasPrefabName": false
        },
        {
            "MountedLocation": "CenterTorso",
            "ComponentDefID": "Weapon_MachineGun_MachineGun_0-STOCK",
            "SimGameUID": "",
            "ComponentDefType": "Weapon",
            "HardpointSlot": 0,
            "GUID": null,
            "DamageLevel": "Functional",
            "prefabName": null,
            "hasPrefabName": false
        },
        {
            "MountedLocation": "CenterTorso",
            "ComponentDefID": "Ammo_AmmunitionBox_Generic_MG",
            "SimGameUID": "",
            "ComponentDefType": "AmmunitionBox",
            "HardpointSlot": -1,
            "GUID": null,
            "DamageLevel": "Functional",
            "prefabName": null,
            "hasPrefabName": false
        },
        {
            "MountedLocation": "RightTorso",
            "ComponentDefID": "Weapon_LRM_LRM20_0-STOCK",
            "SimGameUID": null,
            "ComponentDefType": "Weapon",
            "HardpointSlot": 0,
            "GUID": null,
            "DamageLevel": "Functional",
            "prefabName": null,
            "hasPrefabName": false
        },
        {
            "MountedLocation": "RightTorso",
            "ComponentDefID": "Ammo_AmmunitionBox_Generic_LRM",
            "SimGameUID": null,
            "ComponentDefType": "AmmunitionBox",
            "HardpointSlot": -1,
            "GUID": null,
            "DamageLevel": "Functional",
            "prefabName": null,
            "hasPrefabName": false
        },
        {
            "MountedLocation": "RightTorso",
            "ComponentDefID": "Ammo_AmmunitionBox_Generic_LRM",
            "SimGameUID": null,
            "ComponentDefType": "AmmunitionBox",
            "HardpointSlot": -1,
            "GUID": null,
            "DamageLevel": "Functional",
            "prefabName": null,
            "hasPrefabName": false
        },
        {
            "MountedLocation": "RightArm",
            "ComponentDefID": "Weapon_SRM_SRM4_0-STOCK",
            "SimGameUID": null,
            "ComponentDefType": "Weapon",
            "HardpointSlot": 0,
            "GUID": null,
            "DamageLevel": "Functional",
            "prefabName": null,
            "hasPrefabName": false
        },
        {
            "MountedLocation": "RightArm",
            "ComponentDefID": "Ammo_AmmunitionBox_Generic_SRM",
            "SimGameUID": null,
            "ComponentDefType": "AmmunitionBox",
            "HardpointSlot": -1,
            "GUID": null,
            "DamageLevel": "Functional",
            "prefabName": null,
            "hasPrefabName": false
        }
    ]
}