{
    "MechTags": {
        "items": [
            "unit_mech",
            "unit_medium",
            "unit_jumpOK", 
            "unit_range_medium",
            "unit_armor_high",
            "unit_hot",
            "unit_lance_tank",
            "unit_lance_assassin",
            "unit_role_brawler",
            "unit_release",
            "NotDavion",
            "NotSteiner",
            "NotKurita",
            "NotMagistracyOfCanopus",
            "NotTaurianConcordat"
        ],
        "tagSetSourceFile": ""
    },
    "ChassisID": "chassisdef_cronus_CNS-3M",
    "HeraldryID": null,
    "Description": {
        "Cost": 6000000,
        "Rarity": 1,
        "Purchasable": true,
        "Manufacturer": null,
        "Model": null,
        "UIName": "Cronus CNS-3M",
        "Id": "mechdef_cronus_CNS-3M",
        "Name": "Cronus",
        "Details": "The Cronus was designed to be a cost-effective 'Mech for use by mercenaries and small Periphery units using scrapped military equipment. It combines design aspects of many different 55-ton BattleMechs seen on the modern battlefield. The 3M uses all standard technologies that are available to the Inner Sphere in 3031.",
        "Icon": "uixTxrIcon_cronus"
    },
    "simGameMechPartCost": 600000,
    "Version": 1,
    "Locations": [
        {
            "DamageLevel": "Functional",
            "Location": "Head",
            "CurrentArmor": 45,
            "CurrentRearArmor": -1,
            "CurrentInternalStructure": 16,
            "AssignedArmor": 45,
            "AssignedRearArmor": -1
        },
        {
            "DamageLevel": "Functional",
            "Location": "LeftArm",
            "CurrentArmor": 80,
            "CurrentRearArmor": -1,
            "CurrentInternalStructure": 45,
            "AssignedArmor": 80,
            "AssignedRearArmor": -1
        },
        {
            "DamageLevel": "Functional",
            "Location": "LeftTorso",
            "CurrentArmor": 105,
            "CurrentRearArmor": 25,
            "CurrentInternalStructure": 65,
            "AssignedArmor": 105,
            "AssignedRearArmor": 25
        },
        {
            "DamageLevel": "Functional",
            "Location": "CenterTorso",
            "CurrentArmor": 140,
            "CurrentRearArmor": 35,
            "CurrentInternalStructure": 90,
            "AssignedArmor": 140,
            "AssignedRearArmor": 35
        },
        {
            "DamageLevel": "Functional",
            "Location": "RightTorso",
            "CurrentArmor": 105,
            "CurrentRearArmor": 25,
            "CurrentInternalStructure": 65,
            "AssignedArmor": 105,
            "AssignedRearArmor": 25
        },
        {
            "DamageLevel": "Functional",
            "Location": "RightArm",
            "CurrentArmor": 80,
            "CurrentRearArmor": -1,
            "CurrentInternalStructure": 45,
            "AssignedArmor": 80,
            "AssignedRearArmor": -1
        },
        {
            "DamageLevel": "Functional",
            "Location": "LeftLeg",
            "CurrentArmor": 100,
            "CurrentRearArmor": -1,
            "CurrentInternalStructure": 65,
            "AssignedArmor": 100,
            "AssignedRearArmor": -1
        },
        {
            "DamageLevel": "Functional",
            "Location": "RightLeg",
            "CurrentArmor": 100,
            "CurrentRearArmor": -1,
            "CurrentInternalStructure": 65,
            "AssignedArmor": 100,
            "AssignedRearArmor": -1
        }
    ],
    "inventory": [
        {
            "MountedLocation": "Head",
            "ComponentDefID": "Gear_HeatSink_Generic_Standard",
            "SimGameUID": null,
            "ComponentDefType": "HeatSink",
            "HardpointSlot": -1,
            "GUID": null,
            "DamageLevel": "Functional",
            "prefabName": null,
            "hasPrefabName": false
        },
        {
            "MountedLocation": "LeftTorso",
            "ComponentDefID": "Gear_JumpJet_Generic_Standard",
            "SimGameUID": null,
            "ComponentDefType": "JumpJet",
            "HardpointSlot": -1,
            "GUID": null,
            "DamageLevel": "Functional",
            "prefabName": null,
            "hasPrefabName": false
        },
        {
            "MountedLocation": "LeftTorso",
            "ComponentDefID": "Gear_JumpJet_Generic_Standard",
            "SimGameUID": null,
            "ComponentDefType": "JumpJet",
            "HardpointSlot": -1,
            "GUID": null,
            "DamageLevel": "Functional",
            "prefabName": null,
            "hasPrefabName": false
        },
        {
            "MountedLocation": "LeftTorso",
            "ComponentDefID": "Weapon_Laser_MediumLaser_0-STOCK",
            "SimGameUID": null,
            "ComponentDefType": "Weapon",
            "HardpointSlot": 0,
            "GUID": null,
            "DamageLevel": "Functional",
            "prefabName": null,
            "hasPrefabName": false
        },
        {
            "MountedLocation": "LeftTorso",
            "ComponentDefID": "Gear_HeatSink_Generic_Standard",
            "SimGameUID": null,
            "ComponentDefType": "HeatSink",
            "HardpointSlot": -1,
            "GUID": null,
            "DamageLevel": "Functional",
            "prefabName": null,
            "hasPrefabName": false
        },
        {
            "MountedLocation": "LeftTorso",
            "ComponentDefID": "Ammo_AmmunitionBox_Generic_SRM",
            "SimGameUID": null,
            "ComponentDefType": "AmmunitionBox",
            "HardpointSlot": -1,
            "GUID": null,
            "DamageLevel": "Functional",
            "prefabName": null,
            "hasPrefabName": false
        },
        {
            "MountedLocation": "CenterTorso",
            "ComponentDefID": "Weapon_SRM_SRM4_0-STOCK",
            "SimGameUID": null,
            "ComponentDefType": "Weapon",
            "HardpointSlot": 0,
            "GUID": null,
            "DamageLevel": "Functional",
            "prefabName": null,
            "hasPrefabName": false
        },
        {
            "MountedLocation": "CenterTorso",
            "ComponentDefID": "Gear_JumpJet_Generic_Standard",
            "SimGameUID": null,
            "ComponentDefType": "JumpJet",
            "HardpointSlot": -1,
            "GUID": null,
            "DamageLevel": "Functional",
            "prefabName": null,
            "hasPrefabName": false
        },
        {
            "MountedLocation": "CenterTorso",
            "ComponentDefID": "Gear_HeatSink_Generic_Standard",
            "SimGameUID": null,
            "ComponentDefType": "HeatSink",
            "HardpointSlot": -1,
            "GUID": null,
            "DamageLevel": "Functional",
            "prefabName": null,
            "hasPrefabName": false
        },
        {
            "MountedLocation": "RightTorso",
            "ComponentDefID": "Gear_JumpJet_Generic_Standard",
            "SimGameUID": null,
            "ComponentDefType": "JumpJet",
            "HardpointSlot": -1,
            "GUID": null,
            "DamageLevel": "Functional",
            "prefabName": null,
            "hasPrefabName": false
        },
        {
            "MountedLocation": "RightTorso",
            "ComponentDefID": "Gear_JumpJet_Generic_Standard",
            "SimGameUID": null,
            "ComponentDefType": "JumpJet",
            "HardpointSlot": -1,
            "GUID": null,
            "DamageLevel": "Functional",
            "prefabName": null,
            "hasPrefabName": false
        },
        {
            "MountedLocation": "RightTorso",
            "ComponentDefID": "Weapon_Laser_MediumLaser_0-STOCK",
            "SimGameUID": null,
            "ComponentDefType": "Weapon",
            "HardpointSlot": 0,
            "GUID": null,
            "DamageLevel": "Functional",
            "prefabName": null,
            "hasPrefabName": false
        },
        {
            "MountedLocation": "RightTorso",
            "ComponentDefID": "Weapon_Laser_MediumLaser_0-STOCK",
            "SimGameUID": null,
            "ComponentDefType": "Weapon",
            "HardpointSlot": 0,
            "GUID": null,
            "DamageLevel": "Functional",
            "prefabName": null,
            "hasPrefabName": false
        },
        {
            "MountedLocation": "RightTorso",
            "ComponentDefID": "Gear_HeatSink_Generic_Standard",
            "SimGameUID": null,
            "ComponentDefType": "HeatSink",
            "HardpointSlot": -1,
            "GUID": null,
            "DamageLevel": "Functional",
            "prefabName": null,
            "hasPrefabName": false
        },
        {
            "MountedLocation": "RightArm",
            "ComponentDefID": "Weapon_Laser_LargeLaser_0-STOCK",
            "SimGameUID": null,
            "ComponentDefType": "Weapon",
            "HardpointSlot": 0,
            "GUID": null,
            "DamageLevel": "Functional",
            "prefabName": null,
            "hasPrefabName": false
        }
    ]
}