{
    "MechTags": {
        "items": [
			"unit_jumpOK",
            "unit_mech",
            "unit_medium",
            "unit_lance_vanguard",
            "unit_role_sniper",
            "unit_release"
        ],
        "tagSetSourceFile": ""
    },
    "ChassisID": "chassisdef_clint_CLNT-2-3T",
    "HeraldryID": null,
    "Description": {
        "Cost": 4050000,
        "Rarity": 1,
        "Purchasable": true,
        "Manufacturer": null,
        "Model": null,
        "UIName": "Clint CLNT-2-3T",
        "Id": "mechdef_clint_CLNT-2-3T",
        "Name": "Clint",
        "Details": "The Clint was primarily designed as a cheap recon unit, with the capabilities of a well-armed, low-end medium weight 'Mech, and in this regard it serves well. With a top speed of 97.2 km/h and a jumping capability of one hundred and eighty meters, the Clint can easily keep up with other recon elements and maneuver through mountainous or urban terrain.",
        "Icon": "uixTxrIcon_clint"
    },
    "simGameMechPartCost": 410000,
    "Version": 1,
    "Locations": [
        {
            "DamageLevel": "Functional",
            "Location": "Head",
            "CurrentArmor": 45,
            "CurrentRearArmor": -1,
            "CurrentInternalStructure": 16,
            "AssignedArmor": 45,
            "AssignedRearArmor": -1
        },
        {
            "DamageLevel": "Functional",
            "Location": "LeftArm",
            "CurrentArmor": 30,
            "CurrentRearArmor": -1,
            "CurrentInternalStructure": 30,
            "AssignedArmor": 30,
            "AssignedRearArmor": -1
        },
        {
            "DamageLevel": "Functional",
            "Location": "LeftTorso",
            "CurrentArmor": 30,
            "CurrentRearArmor": 20,
            "CurrentInternalStructure": 50,
            "AssignedArmor": 30,
            "AssignedRearArmor": 20
        },
        {
            "DamageLevel": "Functional",
            "Location": "CenterTorso",
            "CurrentArmor": 55,
            "CurrentRearArmor": 20,
            "CurrentInternalStructure": 60,
            "AssignedArmor": 55,
            "AssignedRearArmor": 20
        },
        {
            "DamageLevel": "Functional",
            "Location": "RightTorso",
            "CurrentArmor": 30,
            "CurrentRearArmor": 20,
            "CurrentInternalStructure": 50,
            "AssignedArmor": 30,
            "AssignedRearArmor": 20
        },
        {
            "DamageLevel": "Functional",
            "Location": "RightArm",
            "CurrentArmor": 30,
            "CurrentRearArmor": -1,
            "CurrentInternalStructure": 30,
            "AssignedArmor": 30,
            "AssignedRearArmor": -1
        },
        {
            "DamageLevel": "Functional",
            "Location": "LeftLeg",
            "CurrentArmor": 40,
            "CurrentRearArmor": -1,
            "CurrentInternalStructure": 50,
            "AssignedArmor": 40,
            "AssignedRearArmor": -1
        },
        {
            "DamageLevel": "Functional",
            "Location": "RightLeg",
            "CurrentArmor": 40,
            "CurrentRearArmor": -1,
            "CurrentInternalStructure": 50,
            "AssignedArmor": 40,
            "AssignedRearArmor": -1
        }
    ],
    "inventory": [
		{
		  "MountedLocation": "LeftTorso",
		  "ComponentDefID": "Gear_JumpJet_Generic_Standard",
		  "SimGameUID": null,
		  "ComponentDefType": "JumpJet",
		  "HardpointSlot": -1,
		  "GUID": null,
		  "DamageLevel": "Functional",
		  "prefabName": null,
		  "hasPrefabName": false
		},
        {
            "MountedLocation": "LeftTorso",
            "ComponentDefID": "Weapon_Laser_MediumLaser_0-STOCK",
            "SimGameUID": null,
            "ComponentDefType": "Weapon",
            "HardpointSlot": 0,
            "GUID": null,
            "DamageLevel": "Functional",
            "prefabName": null,
            "hasPrefabName": false
        },
        {
            "MountedLocation": "CenterTorso",
            "ComponentDefID": "Weapon_Laser_MediumLaser_0-STOCK",
            "SimGameUID": null,
            "ComponentDefType": "Weapon",
            "HardpointSlot": 0,
            "GUID": null,
            "DamageLevel": "Functional",
            "prefabName": null,
            "hasPrefabName": false
        },
		{
		  "MountedLocation": "RightTorso",
		  "ComponentDefID": "Gear_JumpJet_Generic_Standard",
		  "SimGameUID": null,
		  "ComponentDefType": "JumpJet",
		  "HardpointSlot": -1,
		  "GUID": null,
		  "DamageLevel": "Functional",
		  "prefabName": null,
		  "hasPrefabName": false
		},
        {
            "MountedLocation": "RightTorso",
            "ComponentDefID": "Ammo_AmmunitionBox_Generic_AC5",
            "SimGameUID": null,
            "ComponentDefType": "AmmunitionBox",
            "HardpointSlot": -1,
            "GUID": null,
            "DamageLevel": "Functional",
            "prefabName": null,
            "hasPrefabName": false
        },
        {
            "MountedLocation": "RightArm",
            "ComponentDefID": "Weapon_Autocannon_AC5_0-STOCK",
            "SimGameUID": null,
            "ComponentDefType": "Weapon",
            "HardpointSlot": 0,
            "GUID": null,
            "DamageLevel": "Functional",
            "prefabName": null,
            "hasPrefabName": false
        },
		{
		  "MountedLocation": "LeftLeg",
		  "ComponentDefID": "Gear_JumpJet_Generic_Standard",
		  "SimGameUID": null,
		  "ComponentDefType": "JumpJet",
		  "HardpointSlot": -1,
		  "GUID": null,
		  "DamageLevel": "Functional",
		  "prefabName": null,
		  "hasPrefabName": false
		},
		{
		  "MountedLocation": "LeftLeg",
		  "ComponentDefID": "Gear_JumpJet_Generic_Standard",
		  "SimGameUID": null,
		  "ComponentDefType": "JumpJet",
		  "HardpointSlot": -1,
		  "GUID": null,
		  "DamageLevel": "Functional",
		  "prefabName": null,
		  "hasPrefabName": false
		},
		{
		  "MountedLocation": "RightLeg",
		  "ComponentDefID": "Gear_JumpJet_Generic_Standard",
		  "SimGameUID": null,
		  "ComponentDefType": "JumpJet",
		  "HardpointSlot": -1,
		  "GUID": null,
		  "DamageLevel": "Functional",
		  "prefabName": null,
		  "hasPrefabName": false
		},
		{
		  "MountedLocation": "RightLeg",
		  "ComponentDefID": "Gear_JumpJet_Generic_Standard",
		  "SimGameUID": null,
		  "ComponentDefType": "JumpJet",
		  "HardpointSlot": -1,
		  "GUID": null,
		  "DamageLevel": "Functional",
		  "prefabName": null,
		  "hasPrefabName": false
		}
    ]
}