{
    "Name": "BT_Extended_3025_Plus",
    "Enabled": true,

	"Version": "1.6.2.5",
	"PackagedOn": "2019-06-04T16:45:00Z",
	
	"DependsOn": ["CommunityBundles"],
	"OptionallyDependsOn": ["LC_SLDFRoyal_DLC", "LC_SLDFRoyal_Addon", "LC_SLDFRoyal_WR", "LC_SLDFRoyal_Unique", "JK_VariantsCampaign"],

    "Manifest": [
        
        { "Type": "ChassisDef", "Path": "chassis" },
        { "Type": "HardpointDataDef", "Path": "hardpoints" },
        { "Type": "MechDef", "Path": "mech" },
        { "Type": "MovementCapabilitiesDef", "Path": "movement" },
        { "Type": "Sprite", "Path": "portraits" }
    ]
}