{
    "Name": "BT_Extended_CE",
    "Enabled": true,
	
    "DependsOn": [ "BT_Extended_Overrides" ],
	
    "OptionallyDependsOn": [ "Galaxy at War", "PermanentEvasion", "Repair Tonnage and Finances" ],
	
    "Version": "1.6.2.5",

    "Author": "Haree78",

    "DependsOn": [],
    "ConflictsWith": [],
	
	"DLL": "Extended_CE.dll",

    "Manifest": [
		{ "Type": "AbilityDef", "Path": "abilities", "ShouldMergeJSON": true  },
		{ "Type": "AmmunitionBoxDef", "Path": "ammunitionBox", "AddToDB": true },
		{ "Type": "ItemCollectionDef", "Path": "itemCollections", "AddToDB": false },
		{ "Type": "WeaponDef", "Path": "weapon", "AddToDB": true }
    ]
}
