{
    "Description": {
        "Cost": 5840000,
        "Rarity": 1,
        "Purchasable": true,
        "Manufacturer": "",
        "Model": "",
        "UIName": "Dervish",
        "Id": "chassisdef_dervish_DV-6M",
        "Name": "Dervish",
        "Details": "The Dervish was among the first 'Mechs mass-produced by the Great Houses and has served as a workhorse for their armies since its introduction. While regarded by some as a poor man's Archer, the Dervish's speed and weaponry nevertheless allow it to provide quick fire support and free larger 'Mechs for other duties.",
        "Icon": "uixTxrIcon_dervish"
    },
    "MovementCapDefID": "movedef_dervish_DV-6M",
    "PathingCapDefID": "pathingdef_medium",
    "HardpointDataDefID": "hardpointdatadef_dervish",
    "PrefabIdentifier": "chrprfmech_dervishbase-001",
    "PrefabBase": "dervish",
    "Tonnage": 55,
    "InitialTonnage": 27,
    "weightClass": "MEDIUM",
    "BattleValue": 6088000,
    "Heatsinks": 0,
    "TopSpeed": 80,
    "TurnRadius": 90,
    "MaxJumpjets": 5,
    "Stability": 130,
    "StabilityDefenses": [
        0,
        0,
        0,
        0,
        0,
        0
    ],
    "SpotterDistanceMultiplier": 1,
    "VisibilityMultiplier": 1,
    "SensorRangeMultiplier": 1,
    "Signature": 0,
    "Radius": 5,
    "PunchesWithLeftArm": false,
    "MeleeDamage": 50,
    "MeleeInstability": 55,
    "MeleeToHitModifier": 0,
    "DFADamage": 70,
    "DFAToHitModifier": 0,
    "DFASelfDamage": 70,
    "DFAInstability": 70,
    "Locations": [
        {
            "Location": "Head",
            "Hardpoints": [],
            "Tonnage": 0,
            "InventorySlots": 1,
            "MaxArmor": 45,
            "MaxRearArmor": -1,
            "InternalStructure": 16
        },
        {
            "Location": "LeftArm",
            "Hardpoints": [
                {
                    "WeaponMount": "Energy",
                    "Omni": false
                },
                {
                    "WeaponMount": "Missile",
                    "Omni": false
                }
            ],
            "Tonnage": 0,
            "InventorySlots": 8,
            "MaxArmor": 90,
            "MaxRearArmor": -1,
            "InternalStructure": 45
        },
        {
            "Location": "LeftTorso",
            "Hardpoints": [
                {
                    "WeaponMount": "Missile",
                    "Omni": false
                }
            ],
            "Tonnage": 0,
            "InventorySlots": 10,
            "MaxArmor": 130,
            "MaxRearArmor": 65,
            "InternalStructure": 65
        },
        {
            "Location": "CenterTorso",
            "Hardpoints": [],
            "Tonnage": 0,
            "InventorySlots": 4,
            "MaxArmor": 180,
            "MaxRearArmor": 90,
            "InternalStructure": 90
        },
        {
            "Location": "RightTorso",
            "Hardpoints": [
                {
                    "WeaponMount": "Missile",
                    "Omni": false
                }
            ],
            "Tonnage": 0,
            "InventorySlots": 10,
            "MaxArmor": 130,
            "MaxRearArmor": 65,
            "InternalStructure": 65
        },
        {
            "Location": "RightArm",
            "Hardpoints": [
                {
                    "WeaponMount": "Energy",
                    "Omni": false
                },
                {
                    "WeaponMount": "Missile",
                    "Omni": false
                }
            ],
            "Tonnage": 0,
            "InventorySlots": 8,
            "MaxArmor": 90,
            "MaxRearArmor": -1,
            "InternalStructure": 45
        },
        {
            "Location": "LeftLeg",
            "Hardpoints": [],
            "Tonnage": 0,
            "InventorySlots": 4,
            "MaxArmor": 130,
            "MaxRearArmor": -1,
            "InternalStructure": 65
        },
        {
            "Location": "RightLeg",
            "Hardpoints": [],
            "Tonnage": 0,
            "InventorySlots": 4,
            "MaxArmor": 130,
            "MaxRearArmor": -1,
            "InternalStructure": 65
        }
    ],
    "LOSSourcePositions": [
        {
            "x": 0,
            "y": 15,
            "z": 0
        },
        {
            "x": 4,
            "y": 15,
            "z": 0
        },
        {
            "x": -4,
            "y": 15,
            "z": 0
        }
    ],
    "LOSTargetPositions": [
        {
            "x": 0,
            "y": 15,
            "z": 0
        },
        {
            "x": 4,
            "y": 15,
            "z": 0
        },
        {
            "x": -4,
            "y": 15,
            "z": 0
        },
        {
            "x": 3,
            "y": 5,
            "z": 0
        },
        {
            "x": -3,
            "y": 5,
            "z": 0
        }
    ],
    "VariantName": "DV-6M",
    "ChassisTags": {
        "items": [
		],
        "tagSetSourceFile": ""
    },
    "StockRole": "Striker Cavalry",
    "YangsThoughts": "Dervish 6Ms although lightly armored, are nimble because of Jump capability and come with decent weaponry. They suffer from problematic heat buildup when using all their features at once, so some caution is needed."
}