{
    "Description": {
        "Cost": 10800000,
        "Rarity": 0,
        "Purchasable": true,
        "Manufacturer": "",
        "Model": "",
        "UIName": "Mackie",
        "Id": "chassisdef_mackie_MSK-7A",
        "Name": "Mackie",
        "Details": "Developed by the Terran Hegemony in the 25th century, the Mackie was the first true BattleMech. Based on advanced technology that the Hegemony Armed Forces (HAF) had been developing for decades under Director-General Jacob Cameron, the Mackie was the ultimate manifestation of Hegemony military might.  Although it hasn't been produced since the fall of the Star League, several centuries later they are still occasionally found.",
        "Icon": "uixTxrIcon_mackie"
    },
    "MovementCapDefID": "movedef_mackie_MSK-7A",
    "PathingCapDefID": "pathingdef_assault",
    "HardpointDataDefID": "hardpointdatadef_urbanmech",
    "PrefabIdentifier": "chrPrfMech_urbanmechBase-001",
    "PrefabBase": "urbanmech",
    "Tonnage": 100,
    "InitialTonnage": 35,
    "weightClass": "ASSAULT",
    "BattleValue": 10581000,
    "Heatsinks": 0,
    "TopSpeed": 65,
    "TurnRadius": 90,
    "MaxJumpjets": 3,
    "Stability": 200,
    "StabilityDefenses": [
        0,
        0,
        0,
        0,
        0,
        0
    ],
    "SpotterDistanceMultiplier": 1,
    "VisibilityMultiplier": 1,
    "SensorRangeMultiplier": 1,
    "Signature": 0,
    "Radius": 8,
    "PunchesWithLeftArm": false,
    "MeleeDamage": 100,
    "MeleeInstability": 100,
    "MeleeToHitModifier": 0,
    "DFADamage": 125,
    "DFAToHitModifier": 0,
    "DFASelfDamage": 100,
    "DFAInstability": 40,
    "Locations": [
        {
            "Location": "Head",
            "Hardpoints": [],
            "Tonnage": 0,
            "InventorySlots": 1,
            "MaxArmor": 45,
            "MaxRearArmor": -1,
            "InternalStructure": 16
        },
        {
            "Location": "LeftArm",
            "Hardpoints": [
                {
                    "WeaponMount": "Energy",
                    "Omni": false
                },
                {
                    "WeaponMount": "AntiPersonnel",
                    "Omni": false
                }
            ],
            "Tonnage": 0,
            "InventorySlots": 8,
            "MaxArmor": 170,
            "MaxRearArmor": -1,
            "InternalStructure": 85
        },
        {
            "Location": "LeftTorso",
            "Hardpoints": [
                {
                    "WeaponMount": "Energy",
                    "Omni": false
                },
                {
                    "WeaponMount": "AntiPersonnel",
                    "Omni": false
                }

            ],
            "Tonnage": 0,
            "InventorySlots": 10,
            "MaxArmor": 210,
            "MaxRearArmor": 105,
            "InternalStructure": 105
        },
        {
            "Location": "CenterTorso",
            "Hardpoints": [],
            "Tonnage": 0,
            "InventorySlots": 4,
            "MaxArmor": 310,
            "MaxRearArmor": 155,
            "InternalStructure": 155
        },
        {
            "Location": "RightTorso",
            "Hardpoints": [
                {
                    "WeaponMount": "Energy",
                    "Omni": false
                },
                {
                    "WeaponMount": "AntiPersonnel",
                    "Omni": false
                }
            ],
            "Tonnage": 0,
            "InventorySlots": 10,
            "MaxArmor": 210,
            "MaxRearArmor": 105,
            "InternalStructure": 105
        },
        {
            "Location": "RightArm",
            "Hardpoints": [
                {
                    "WeaponMount": "Ballistic",
                    "Omni": false
                },
                {
                    "WeaponMount": "AntiPersonnel",
                    "Omni": false
                }
            ],
            "Tonnage": 0,
            "InventorySlots": 8,
            "MaxArmor": 170,
            "MaxRearArmor": -1,
            "InternalStructure": 85
        },
        {
            "Location": "LeftLeg",
            "Hardpoints": [],
            "Tonnage": 0,
            "InventorySlots": 4,
            "MaxArmor": 210,
            "MaxRearArmor": -1,
            "InternalStructure": 105
        },
        {
            "Location": "RightLeg",
            "Hardpoints": [],
            "Tonnage": 0,
            "InventorySlots": 4,
            "MaxArmor": 210,
            "MaxRearArmor": -1,
            "InternalStructure": 105
        }
    ],
    "LOSSourcePositions": [
        {
            "x": 0,
            "y": 9.5,
            "z": 0.5
        },
        {
            "x": -2.5,
            "y": 8.5,
            "z": -0.5
        },
        {
            "x": 2.5,
            "y": 8.5,
            "z": -0.5
        }
    ],
    "LOSTargetPositions": [
        {
            "x": 0,
            "y": 9.5,
            "z": 0.5
        },
        {
            "x": -2.5,
            "y": 8.5,
            "z": -0.5
        },
        {
            "x": 2.5,
            "y": 8.5,
            "z": -0.5
        },
        {
            "x": -1.5,
            "y": 3,
            "z": 0.5
        },
        {
            "x": 1.5,
            "y": 3,
            "z": 0.5
        }
    ],
    "VariantName": "MSK-7A",
    "ChassisTags": {
        "items": [
			"mr-resize-1.80-1.67-1.67"
		],
        "tagSetSourceFile": ""
    },
    "StockRole": "Juggernaut",
    "YangsThoughts": "This is the grand-daddy of all the 'Mechs - a real prize.  Doubt there is a single original part on this frame though.  Amazing that it can still hold its own out there..."
}