{
    "Description": {
        "Cost": 10900000,
        "Rarity": 4,
        "Purchasable": true,
        "Manufacturer": "",
        "Model": "",
        "UIName": "Guillotine",
        "Id": "chassisdef_guillotine_GLT-3N",
        "Name": "Guillotine",
        "Details": "The Guillotine was originally designed in 2499 as a front-line BattleMech for the Terran Hegemony and was the Star League Defense Force's standard heavy 'Mech for generations. While its weaponry was ample for its era, as time went by the march of technology allowed for the development of larger 'Mechs which were significantly better armed. However few of these new 'Mechs could match the Guillotine in maneuverability or staying power, and so the 'Mech simply transition from the front-line shock role to that of a heavy raider.",
        "Icon": "uixTxrIcon_guillotine"
    },
    "MovementCapDefID": "movedef_guillotine_GLT-4L",
    "PathingCapDefID": "pathingdef_heavy",
    "HardpointDataDefID": "hardpointdatadef_guillotine",
    "PrefabIdentifier": "chrprfmech_maulerbase-001",
    "PrefabBase": "mauler",
    "Tonnage": 70,
    "InitialTonnage": 26,
    "weightClass": "HEAVY",
    "BattleValue": 7602000,
    "Heatsinks": 0,
    "TopSpeed": 120,
    "TurnRadius": 90,
    "MaxJumpjets": 4,
    "Stability": 160,
    "StabilityDefenses": [
        0,
        0,
        0,
        0,
        0,
        0
    ],
    "SpotterDistanceMultiplier": 1,
    "VisibilityMultiplier": 1,
    "SensorRangeMultiplier": 1,
    "Signature": 0,
    "Radius": 8,
    "PunchesWithLeftArm": false,
    "MeleeDamage": 65,
    "MeleeInstability": 70,
    "MeleeToHitModifier": 0,
    "DFADamage": 90,
    "DFAToHitModifier": 0,
    "DFASelfDamage": 90,
    "DFAInstability": 90,
    "Locations": [
        {
            "Location": "Head",
            "Hardpoints": [],
            "Tonnage": 0,
            "InventorySlots": 1,
            "MaxArmor": 45,
            "MaxRearArmor": -1,
            "InternalStructure": 16
        },
        {
            "Location": "LeftArm",
            "Hardpoints": [
                {
                    "WeaponMount": "Energy",
                    "Omni": false
                },
                {
                    "WeaponMount": "AntiPersonnel",
                    "Omni": false
                }
            ],
            "Tonnage": 0,
            "InventorySlots": 8,
            "MaxArmor": 110,
            "MaxRearArmor": -1,
            "InternalStructure": 55
        },
        {
            "Location": "LeftTorso",
            "Hardpoints": [
                {
                    "WeaponMount": "Missile",
                    "Omni": false
                },
                {
                    "WeaponMount": "Energy",
                    "Omni": false
                },
                {
                    "WeaponMount": "AntiPersonnel",
                    "Omni": false
                }
            ],
            "Tonnage": 0,
            "InventorySlots": 10,
            "MaxArmor": 150,
            "MaxRearArmor": 75,
            "InternalStructure": 75
        },
        {
            "Location": "CenterTorso",
            "Hardpoints": [],
            "Tonnage": 0,
            "InventorySlots": 4,
            "MaxArmor": 220,
            "MaxRearArmor": 110,
            "InternalStructure": 110
        },
        {
            "Location": "RightTorso",
            "Hardpoints": [
                {
                    "WeaponMount": "Energy",
                    "Omni": false
                },
                {
                    "WeaponMount": "AntiPersonnel",
                    "Omni": false
                }
            ],
            "Tonnage": 0,
            "InventorySlots": 10,
            "MaxArmor": 150,
            "MaxRearArmor": 75,
            "InternalStructure": 75
        },
        {
            "Location": "RightArm",
            "Hardpoints": [
                {
                    "WeaponMount": "Energy",
                    "Omni": false
                },
                {
                    "WeaponMount": "Energy",
                    "Omni": false
                },
                {
                    "WeaponMount": "AntiPersonnel",
                    "Omni": false
                }
            ],
            "Tonnage": 0,
            "InventorySlots": 8,
            "MaxArmor": 110,
            "MaxRearArmor": -1,
            "InternalStructure": 55
        },
        {
            "Location": "LeftLeg",
            "Hardpoints": [],
            "Tonnage": 0,
            "InventorySlots": 4,
            "MaxArmor": 150,
            "MaxRearArmor": -1,
            "InternalStructure": 75
        },
        {
            "Location": "RightLeg",
            "Hardpoints": [],
            "Tonnage": 0,
            "InventorySlots": 4,
            "MaxArmor": 150,
            "MaxRearArmor": -1,
            "InternalStructure": 75
        }
    ],
    "LOSSourcePositions": [
        {
            "x": 0,
            "y": 18,
            "z": 0
        },
        {
            "x": 4,
            "y": 17,
            "z": 0
        },
        {
            "x": -4,
            "y": 17,
            "z": 0
        }
    ],
    "LOSTargetPositions": [
        {
            "x": 0,
            "y": 18,
            "z": 0
        },
        {
            "x": 4,
            "y": 17,
            "z": 0
        },
        {
            "x": -4,
            "y": 17,
            "z": 0
        },
        {
            "x": 3,
            "y": 5,
            "z": 0
        },
        {
            "x": -3,
            "y": 5,
            "z": 0
        }
    ],
    "VariantName": "GLT-3N",
    "ChassisTags": {
        "items": [
			"mr-resize-0.77-1.02-0.77"
		],
        "tagSetSourceFile": ""
    },
    "StockRole": "Heavy Skirmisher & Cavalry",
    "YangsThoughts": "While they have built heavier and better armed 'Mechs since the Guillotine it remains formidable at hunting down light and medium 'Mechs. Its superb jump ability and good armor allow it to get behind foes easily to bring its respectable firepower to bare.",
    "FixedEquipment" : [
        {
            "MountedLocation" : "LeftArm",
            "ComponentDefID" : "Gear_EndoSteel_2_Slot",
            "SimGameUID" : "",
            "ComponentDefType" : "Upgrade",
            "HardpointSlot" : -1,
            "IsFixed" : true,
            "GUID" : null,
            "DamageLevel" : "Functional",
            "prefabName" : null,
            "hasPrefabName" : false
        },
        {
            "MountedLocation" : "LeftTorso",
            "ComponentDefID" : "Gear_EndoSteel_2_Slot",
            "SimGameUID" : "",
            "ComponentDefType" : "Upgrade",
            "HardpointSlot" : -1,
            "IsFixed" : true,
            "GUID" : null,
            "DamageLevel" : "Functional",
            "prefabName" : null,
            "hasPrefabName" : false
        },
        {
            "MountedLocation" : "CenterTorso",
            "ComponentDefID" : "Gear_EndoSteel_1_Slot",
            "SimGameUID" : "",
            "ComponentDefType" : "Upgrade",
            "HardpointSlot" : -1,
            "IsFixed" : true,
            "GUID" : null,
            "DamageLevel" : "Functional",
            "prefabName" : null,
            "hasPrefabName" : false
        },
        {
            "MountedLocation" : "RightTorso",
            "ComponentDefID" : "Gear_EndoSteel_2_Slot",
            "SimGameUID" : "",
            "ComponentDefType" : "Upgrade",
            "HardpointSlot" : -1,
            "IsFixed" : true,
            "GUID" : null,
            "DamageLevel" : "Functional",
            "prefabName" : null,
            "hasPrefabName" : false
        },
        {
            "MountedLocation" : "RightArm",
            "ComponentDefID" : "Gear_EndoSteel_2_Slot",
            "SimGameUID" : "",
            "ComponentDefType" : "Upgrade",
            "HardpointSlot" : -1,
            "IsFixed" : true,
            "GUID" : null,
            "DamageLevel" : "Functional",
            "prefabName" : null,
            "hasPrefabName" : false
        },
        {
            "MountedLocation" : "LeftLeg",
            "ComponentDefID" : "Gear_EndoSteel_2_Slot",
            "SimGameUID" : "",
            "ComponentDefType" : "Upgrade",
            "HardpointSlot" : -1,
            "IsFixed" : true,
            "GUID" : null,
            "DamageLevel" : "Functional",
            "prefabName" : null,
            "hasPrefabName" : false
        },
        {
            "MountedLocation" : "RightLeg",
            "ComponentDefID" : "Gear_EndoSteel_2_Slot",
            "SimGameUID" : "",
            "ComponentDefType" : "Upgrade",
            "HardpointSlot" : -1,
            "IsFixed" : true,
            "GUID" : null,
            "DamageLevel" : "Functional",
            "prefabName" : null,
            "hasPrefabName" : false
        }
    ]
}