{
    "Description": {
        "Cost": 8200000,
        "Rarity": 4,
        "Purchasable": true,
        "Manufacturer": "",
        "Model": "",
        "UIName": "Thug",
        "Id": "chassisdef_thug_THG-10E",
        "Name": "Thug",
        "Details": "The Thug was designed by Maltex Corporation as a direct competitor to the popular Warhammer BattleMech. First seeing production in 2572, the Thug sought to directly address some of the challenges which faced the Warhammer, chief of which was to increase armor protection without sacrificing firepower.",
        "Icon": "uixTxrIcon_thug"
    },
    "MovementCapDefID": "movedef_thug_THG-10E",
    "PathingCapDefID": "pathingdef_assault",
    "HardpointDataDefID": "hardpointdatadef_arcticwolf",
    "PrefabIdentifier": "chrprfmech_arcticwolfbase-001",
    "PrefabBase": "arcticwolf",
    "Tonnage": 80,
    "InitialTonnage": 37.5,
    "weightClass": "ASSAULT",
    "BattleValue": 7718000,
    "Heatsinks": 0,
    "TopSpeed": 120,
    "TurnRadius": 90,
    "MaxJumpjets": 4,
    "Stability": 200,
    "StabilityDefenses": [
        0,
        0,
        0,
        0,
        0,
        0
    ],
    "SpotterDistanceMultiplier": 1,
    "VisibilityMultiplier": 1,
    "SensorRangeMultiplier": 1,
    "Signature": 0,
    "Radius": 8,
    "PunchesWithLeftArm": true,
    "MeleeDamage": 100,
    "MeleeInstability": 80,
    "MeleeToHitModifier": 0,
    "DFADamage": 100,
    "DFAToHitModifier": 0,
    "DFASelfDamage": 100,
    "DFAInstability": 100,
    "Locations": [
        {
            "Location": "Head",
            "Hardpoints": [],
            "Tonnage": 0,
            "InventorySlots": 1,
            "MaxArmor": 45,
            "MaxRearArmor": -1,
            "InternalStructure": 16
        },
        {
            "Location": "LeftArm",
            "Hardpoints": [
                {
                    "WeaponMount": "Energy",
                    "Omni": false
                },
                {
                    "WeaponMount": "Energy",
                    "Omni": false
                }
			],
            "Tonnage": 0,
            "InventorySlots": 8,
            "MaxArmor": 130,
            "MaxRearArmor": -1,
            "InternalStructure": 65
        },
        {
            "Location": "LeftTorso",
            "Hardpoints": [
                {
                    "WeaponMount": "Missile",
                    "Omni": false
                },
                {
                    "WeaponMount": "AntiPersonnel",
                    "Omni": false
                }
            ],
            "Tonnage": 0,
            "InventorySlots": 10,
            "MaxArmor": 170,
            "MaxRearArmor": 85,
            "InternalStructure": 85
        },
        {
            "Location": "CenterTorso",
            "Hardpoints": [],
            "Tonnage": 0,
            "InventorySlots": 4,
            "MaxArmor": 250,
            "MaxRearArmor": 125,
            "InternalStructure": 125
        },
        {
            "Location": "RightTorso",
            "Hardpoints": [
                {
                    "WeaponMount": "Missile",
                    "Omni": false
                },
                {
                    "WeaponMount": "AntiPersonnel",
                    "Omni": false
                }
            ],
            "Tonnage": 0,
            "InventorySlots": 10,
            "MaxArmor": 170,
            "MaxRearArmor": 85,
            "InternalStructure": 85
        },
        {
            "Location": "RightArm",
            "Hardpoints": [
                {
                    "WeaponMount": "Energy",
                    "Omni": false
                },
                {
                    "WeaponMount": "Energy",
                    "Omni": false
                }
            ],
            "Tonnage": 0,
            "InventorySlots": 8,
            "MaxArmor": 130,
            "MaxRearArmor": -1,
            "InternalStructure": 65
        },
        {
            "Location": "LeftLeg",
            "Hardpoints": [],
            "Tonnage": 0,
            "InventorySlots": 4,
            "MaxArmor": 170,
            "MaxRearArmor": -1,
            "InternalStructure": 85
        },
        {
            "Location": "RightLeg",
            "Hardpoints": [],
            "Tonnage": 0,
            "InventorySlots": 4,
            "MaxArmor": 170,
            "MaxRearArmor": -1,
            "InternalStructure": 85
        }
    ],
    "LOSSourcePositions": [
        {
            "x": 0,
            "y": 14,
            "z": 0
        },
        {
            "x": 4,
            "y": 15,
            "z": -1
        },
        {
            "x": -4,
            "y": 15,
            "z": -1
        }
    ],
    "LOSTargetPositions": [
        {
            "x": 0,
            "y": 14,
            "z": 0
        },
        {
            "x": 4,
            "y": 15,
            "z": -1
        },
        {
            "x": -4,
            "y": 15,
            "z": -1
        },
        {
            "x": 3.5,
            "y": 5.5,
            "z": 1
        },
        {
            "x": -3.5,
            "y": 5.5,
            "z": 1
        }
    ],
    "VariantName": "THG-10E",
    "ChassisTags": {
        "items": [
			"mr-resize-1.55-1.42-1.55"
		],
        "tagSetSourceFile": ""
    },
    "StockRole": "Heavy Sniper & Defender",
    "YangsThoughts": "This the downgraded version of the Thug, the 10E, which originally was meant to be the Warhammer's bigger brother. Losing the Double Heat Sinks hurt the Thug but it does at least boast superior armor than it's inspiration."
}