{
    "Description": {
        "Cost": 8800000,
        "Rarity": 4,
        "Purchasable": true,
        "Manufacturer": "",
        "Model": "",
        "UIName": "Daboku",
        "Id": "chassisdef_daboku_DCMS-MX90-D",
        "Name": "Daboku",
        "Details": "The result of a Draconis Combine Mustered Soldiery think tank tasked with gleaning information from the Helm Memory Core, the Daboku was unveiled in 3038 to little fanfare. A near-instant failure with flaws in almost every major system, the 'Mech was nonetheless hurried to the front lines for the War of 3039 where it became both a laughing stock and a virtual death sentence for Kuritan pilots.",
        "Icon": "uixTxrIcon_mauler"
    },
    "MovementCapDefID": "movedef_daboku_DCMS-MX90-D",
    "PathingCapDefID": "pathingdef_assault",
    "HardpointDataDefID": "hardpointdatadef_mauler",
    "PrefabIdentifier": "chrprfmech_maulerbase-001",
    "PrefabBase": "mauler",
    "Tonnage": 90,
    "InitialTonnage": 29.5,
    "weightClass": "ASSAULT",
    "BattleValue": 9642000,
    "Heatsinks": 0,
    "TopSpeed": 105,
    "TurnRadius": 90,
    "MaxJumpjets": 3,
    "Stability": 200,
    "StabilityDefenses": [
        0,
        0,
        0,
        0,
        0,
        0
    ],
    "SpotterDistanceMultiplier": 1,
    "VisibilityMultiplier": 1,
    "SensorRangeMultiplier": 1,
    "Signature": 0,
    "Radius": 8,
    "PunchesWithLeftArm": false,
    "MeleeDamage": 105,
    "MeleeInstability": 90,
    "MeleeToHitModifier": 0,
    "DFADamage": 115,
    "DFAToHitModifier": 0,
    "DFASelfDamage": 115,
    "DFAInstability": 115,
    "Locations": [
        {
            "Location": "Head",
            "Hardpoints": [],
            "Tonnage": 0,
            "InventorySlots": 1,
            "MaxArmor": 45,
            "MaxRearArmor": -1,
            "InternalStructure": 16
        },
        {
            "Location": "LeftArm",
            "Hardpoints": [
                {
                    "WeaponMount": "Energy",
                    "Omni": false
                }
            ],
            "Tonnage": 0,
            "InventorySlots": 8,
            "MaxArmor": 150,
            "MaxRearArmor": -1,
            "InternalStructure": 75
        },
        {
            "Location": "LeftTorso",
            "Hardpoints": [
                {
                    "WeaponMount": "Missile",
                    "Omni": false
                },
                {
                    "WeaponMount": "Ballistic",
                    "Omni": false
                },
                {
                    "WeaponMount": "Ballistic",
                    "Omni": false
                }
            ],
            "Tonnage": 0,
            "InventorySlots": 10,
            "MaxArmor": 190,
            "MaxRearArmor": 95,
            "InternalStructure": 95
        },
        {
            "Location": "CenterTorso",
            "Hardpoints": [],
            "Tonnage": 0,
            "InventorySlots": 4,
            "MaxArmor": 290,
            "MaxRearArmor": 145,
            "InternalStructure": 145
        },
        {
            "Location": "RightTorso",
            "Hardpoints": [
                {
                    "WeaponMount": "Missile",
                    "Omni": false
                },
                {
                    "WeaponMount": "Ballistic",
                    "Omni": false
                },
                {
                    "WeaponMount": "Ballistic",
                    "Omni": false
                }
            ],
            "Tonnage": 0,
            "InventorySlots": 10,
            "MaxArmor": 190,
            "MaxRearArmor": 95,
            "InternalStructure": 95
        },
        {
            "Location": "RightArm",
            "Hardpoints": [
                {
                    "WeaponMount": "Energy",
                    "Omni": false
                }
            ],
            "Tonnage": 0,
            "InventorySlots": 8,
            "MaxArmor": 150,
            "MaxRearArmor": -1,
            "InternalStructure": 75
        },
        {
            "Location": "LeftLeg",
            "Hardpoints": [],
            "Tonnage": 0,
            "InventorySlots": 4,
            "MaxArmor": 190,
            "MaxRearArmor": -1,
            "InternalStructure": 95
        },
        {
            "Location": "RightLeg",
            "Hardpoints": [],
            "Tonnage": 0,
            "InventorySlots": 4,
            "MaxArmor": 190,
            "MaxRearArmor": -1,
            "InternalStructure": 95
        }
    ],
    "LOSSourcePositions": [
        {
            "x": 0,
            "y": 17,
            "z": 0
        },
        {
            "x": 5,
            "y": 16,
            "z": -1
        },
        {
            "x": -5,
            "y": 16,
            "z": -1
        }
    ],
    "LOSTargetPositions": [
        {
            "x": 0,
            "y": 17,
            "z": 0
        },
        {
            "x": 5,
            "y": 16,
            "z": -1
        },
        {
            "x": -5,
            "y": 16,
            "z": -1
        },
        {
            "x": 3.5,
            "y": 5.5,
            "z": 1
        },
        {
            "x": -3.5,
            "y": 5.5,
            "z": 1
        }
    ],
    "VariantName": "DCMS-MX90-D",
    "ChassisTags": {
        "items": [],
        "tagSetSourceFile": ""
    },
    "StockRole": "Juggernaut & Heavy Cavalry",
    "YangsThoughts": "The result of a Draconis Combine Mustered Soldiery think tank tasked with gleaning information from the Helm Memory Core, the Daboku was unveiled to little fanfare. A near-instant failure with flaws in almost every major system, the 'Mech was nonetheless hurried to the front lines for the War of 3039 where it became both a laughing stock and a virtual death sentence for Kuritan pilots."
}