{
    "Description": {
        "Cost": 5700000,
        "Rarity": 3,
        "Purchasable": true,
        "Manufacturer": "",
        "Model": "",
        "UIName": "Merlin",
        "Id": "chassisdef_merlin_MLN-1A",
        "Name": "Merlin",
        "Details": "The Merlin first debuted in 3010 and was hailed as a technological marvel of engineering.  Mounting a PPC as its primary armament gives the Merlin the option to stay at a distance from its adversaries.  This is further supplemented with an LRM5 launcher.  If anything manages to get close enough in, the Merlin also mounts a pair of Medium Lasers and a Flamer.  It even has a Machine Gun to help dissuade infantry from getting too close.  The MLN-1A caries ten tons of armor, giving it reasonable protection, and eighteen heatsinks to help with the heat load.",
        "Icon": "uixTxrIcon_merlin"
    },
    "MovementCapDefID": "movedef_merlin_MLN-1A",
    "PathingCapDefID": "pathingdef_heavy",
    "HardpointDataDefID": "hardpointdatadef_merlin",
    "PrefabIdentifier": "chrprfmech_nightgyrbase-001",
    "PrefabBase": "nightgyr",
    "Tonnage": 60,
    "InitialTonnage": 23.5,
    "weightClass": "HEAVY",
    "BattleValue": 6922000,
    "Heatsinks": 0,
    "TopSpeed": 150,
    "TurnRadius": 90,
    "MaxJumpjets": 4,
    "Stability": 160,
    "StabilityDefenses": [
        0,
        0,
        0,
        0,
        0,
        0
    ],
    "SpotterDistanceMultiplier": 1,
    "VisibilityMultiplier": 1,
    "SensorRangeMultiplier": 1,
    "Signature": 0,
    "Radius": 8,
    "PunchesWithLeftArm": false,
    "MeleeDamage": 55,
    "MeleeInstability": 60,
    "MeleeToHitModifier": 0,
    "DFADamage": 75,
    "DFAToHitModifier": 0,
    "DFASelfDamage": 75,
    "DFAInstability": 75,
    "Locations": [
        {
            "Location": "Head",
            "Hardpoints": [],
            "Tonnage": 0,
            "InventorySlots": 1,
            "MaxArmor": 45,
            "MaxRearArmor": -1,
            "InternalStructure": 16
        },
        {
            "Location": "LeftArm",
            "Hardpoints": [
                {
                    "WeaponMount": "Energy",
                    "Omni": false
                },
                {
                    "WeaponMount": "Energy",
                    "Omni": false
                }
            ],
            "Tonnage": 0,
            "InventorySlots": 8,
            "MaxArmor": 100,
            "MaxRearArmor": -1,
            "InternalStructure": 50
        },
        {
            "Location": "LeftTorso",
            "Hardpoints": [
                {
                    "WeaponMount": "AntiPersonnel",
                    "Omni": false
                },
                {
                    "WeaponMount": "AntiPersonnel",
                    "Omni": false
                }
            ],
            "Tonnage": 0,
            "InventorySlots": 10,
            "MaxArmor": 140,
            "MaxRearArmor": 70,
            "InternalStructure": 70
        },
        {
            "Location": "CenterTorso",
            "Hardpoints": [],
            "Tonnage": 0,
            "InventorySlots": 4,
            "MaxArmor": 200,
            "MaxRearArmor": 100,
            "InternalStructure": 100
        },
        {
            "Location": "RightTorso",
            "Hardpoints": [
                {
                    "WeaponMount": "Energy",
                    "Omni": false
                },
                {
                    "WeaponMount": "Missile",
                    "Omni": false
                },
                {
                    "WeaponMount": "AntiPersonnel",
                    "Omni": false
                }
            ],
            "Tonnage": 0,
            "InventorySlots": 10,
            "MaxArmor": 140,
            "MaxRearArmor": 70,
            "InternalStructure": 70
        },
        {
            "Location": "RightArm",
            "Hardpoints": [
                {
                    "WeaponMount": "Energy",
                    "Omni": false
                },
                {
                    "WeaponMount": "Energy",
                    "Omni": false
                }
            ],
            "Tonnage": 0,
            "InventorySlots": 8,
            "MaxArmor": 100,
            "MaxRearArmor": -1,
            "InternalStructure": 50
        },
        {
            "Location": "LeftLeg",
            "Hardpoints": [],
            "Tonnage": 0,
            "InventorySlots": 4,
            "MaxArmor": 140,
            "MaxRearArmor": -1,
            "InternalStructure": 70
        },
        {
            "Location": "RightLeg",
            "Hardpoints": [],
            "Tonnage": 0,
            "InventorySlots": 4,
            "MaxArmor": 140,
            "MaxRearArmor": -1,
            "InternalStructure": 70
        }
    ],
    "LOSSourcePositions": [
        {
            "x": 0,
            "y": 15,
            "z": 0
        },
        {
            "x": 3.5,
            "y": 13,
            "z": 0
        },
        {
            "x": -3.5,
            "y": 13,
            "z": 0
        }
    ],
    "LOSTargetPositions": [
        {
            "x": 0,
            "y": 15,
            "z": 0
        },
        {
            "x": 3.5,
            "y": 13,
            "z": 0
        },
        {
            "x": -3.5,
            "y": 13,
            "z": 0
        },
        {
            "x": 3,
            "y": 5,
            "z": 0
        },
        {
            "x": -3,
            "y": 5,
            "z": 0
        }
    ],
    "VariantName": "MLN-1A",
    "ChassisTags": {
        "items": [
			"mr-resize-0.97-0.87-0.87"
		],
        "tagSetSourceFile": ""
    },
    "StockRole": "Skirmisher & Cavalry",
    "YangsThoughts": "What you're looking at here Commander, is a piece of modern history.  The Merlin is the first new 'Mech to be developed in over a century, and can you believe it was made in the Periphery?  For the most part, they really thought it through, easy to find repair parts, a reasonably solid design, but seriously, who puts all their ammo in the center torso... that thing is going to go up like a Capellan New Year's fireworks show anytime someone gets past that armor."
}