{
    "Description": {
        "Cost": 6460000,
        "Rarity": 3,
        "Purchasable": true,
        "Manufacturer": "",
        "Model": "",
        "UIName": "Bombardier",
        "Id": "chassisdef_bombardier_BMB-10D",
        "Name": "Bombardier",
        "Details": "Continuing the trend toward specialized BattleMechs, the Bombardier was proposed to the Star League in 2735 by Wakazashi Enterprises as an artillery 'Mech. The Bombardier proved itself extremely effective at fulfilling the long-range fire support role, but while it has an excellent reach only two tons of ammunition means ammo runs dry after only twelve salvos.",
        "Icon": "uixTxrIcon_bombardier"
    },
    "MovementCapDefID": "movedef_bombardier_BMB-10D",
    "PathingCapDefID": "pathingdef_heavy",
	"HardpointDataDefID": "hardpointdatadef_archer",
	"PrefabIdentifier": "chrprfmech_archerbase-001",
	"PrefabBase": "archer",
    "Tonnage": 65,
    "InitialTonnage": 26,
    "weightClass": "HEAVY",
    "BattleValue": 7144000,
    "Heatsinks": 0,
    "TopSpeed": 64,
    "TurnRadius": 90,
    "MaxJumpjets": 4,
    "Stability": 160,
    "StabilityDefenses": [
        0,
        0,
        0,
        0,
        0,
        0
    ],
    "SpotterDistanceMultiplier": 1,
    "VisibilityMultiplier": 1,
    "SensorRangeMultiplier": 1,
    "Signature": 0,
    "Radius": 8,
    "PunchesWithLeftArm": false,
    "MeleeDamage": 70,
    "MeleeInstability": 65,
    "MeleeToHitModifier": 0,
    "DFADamage": 80,
    "DFAToHitModifier": 0,
    "DFASelfDamage": 80,
    "DFAInstability": 80,
    "Locations": [
        {
            "Location": "Head",
            "Hardpoints": [],
            "Tonnage": 0,
            "InventorySlots": 1,
            "MaxArmor": 45,
            "MaxRearArmor": -1,
            "InternalStructure": 16
        },
        {
            "Location": "LeftArm",
            "Hardpoints": [],
            "Tonnage": 0,
            "InventorySlots": 8,
            "MaxArmor": 100,
            "MaxRearArmor": -1,
            "InternalStructure": 50
        },
        {
            "Location": "LeftTorso",
            "Hardpoints": [
                {
                    "WeaponMount": "Missile",
                    "Omni": false
                },
                {
                    "WeaponMount": "Missile",
                    "Omni": false
                }
            ],
            "Tonnage": 0,
            "InventorySlots": 10,
            "MaxArmor": 150,
            "MaxRearArmor": 75,
            "InternalStructure": 75
        },
        {
            "Location": "CenterTorso",
            "Hardpoints": [
                {
                    "WeaponMount": "AntiPersonnel",
                    "Omni": false
                },
                {
                    "WeaponMount": "AntiPersonnel",
                    "Omni": false
                }
            ],
            "Tonnage": 0,
            "InventorySlots": 4,
            "MaxArmor": 210,
            "MaxRearArmor": 105,
            "InternalStructure": 105
        },
        {
            "Location": "RightTorso",
            "Hardpoints": [
                {
                    "WeaponMount": "Missile",
                    "Omni": false
                },
                {
                    "WeaponMount": "Missile",
                    "Omni": false
                }
            ],
            "Tonnage": 0,
            "InventorySlots": 10,
            "MaxArmor": 150,
            "MaxRearArmor": 75,
            "InternalStructure": 75
        },
        {
            "Location": "RightArm",
            "Hardpoints": [
                {
                    "WeaponMount": "Missile",
                    "Omni": false
                }
            ],
            "Tonnage": 0,
            "InventorySlots": 8,
            "MaxArmor": 100,
            "MaxRearArmor": -1,
            "InternalStructure": 50
        },
        {
            "Location": "LeftLeg",
            "Hardpoints": [],
            "Tonnage": 0,
            "InventorySlots": 4,
            "MaxArmor": 150,
            "MaxRearArmor": -1,
            "InternalStructure": 75
        },
        {
            "Location": "RightLeg",
            "Hardpoints": [],
            "Tonnage": 0,
            "InventorySlots": 4,
            "MaxArmor": 150,
            "MaxRearArmor": -1,
            "InternalStructure": 75
        }
    ],
    "LOSSourcePositions": [
        {
            "x": 0,
            "y": 12,
            "z": 1
        },
        {
            "x": 4,
            "y": 12,
            "z": 0
        },
        {
            "x": -4,
            "y": 12,
            "z": 0
        }
    ],
    "LOSTargetPositions": [
        {
            "x": 0,
            "y": 12,
            "z": 1
        },
        {
            "x": 4,
            "y": 12,
            "z": 0
        },
        {
            "x": -4,
            "y": 12,
            "z": 0
        },
        {
            "x": 3,
            "y": 5,
            "z": 0
        },
        {
            "x": -3,
            "y": 5,
            "z": 0
        }
    ],
    "VariantName": "BMB-10D",
    "ChassisTags": {
        "items": [
			"mr-resize-0.97-0.92-0.87"
		],
        "tagSetSourceFile": ""
    },
    "StockRole": "Artillery and Fire Support",
    "YangsThoughts": "The Bombardier is a very specialised artillery 'Mech. It's very well armored and firing 40 missiles per salvo, it is a deadly opponent while it is out of your sight."
}