{
    "Description": {
        "Cost": 5680000,
        "Rarity": 1,
        "Purchasable": true,
        "Manufacturer": "",
        "Model": "",
        "UIName": "Cronus",
        "Id": "chassisdef_cronus_CNS-3M",
        "Name": "Cronus",
        "Details": "The Cronus was designed to be a cost-effective 'Mech for use by mercenaries and small Periphery units using scrapped military equipment. It combines design aspects of many different 55-ton BattleMechs seen on the modern battlefield. The 3M uses all standard technologies that are available to the Inner Sphere in 3031.",
        "Icon": "uixTxrIcon_cronus"
    },
    "MovementCapDefID": "movedef_cronus_CNS-3M",
    "PathingCapDefID": "pathingdef_medium",
	"HardpointDataDefID": "hardpointdatadef_corsair2",
	"PrefabIdentifier": "chrprfmech_corsairbase2-001",
	"PrefabBase": "corsair2",
    "Tonnage": 55,
    "InitialTonnage": 27,
    "weightClass": "MEDIUM",
    "BattleValue": 5171000,
    "Heatsinks": 0,
    "TopSpeed": 80,
    "TurnRadius": 90,
    "MaxJumpjets": 5,
    "Stability": 130,
    "StabilityDefenses": [
        0,
        0,
        0,
        0,
        0,
        0
    ],
    "SpotterDistanceMultiplier": 1,
    "VisibilityMultiplier": 1,
    "SensorRangeMultiplier": 1,
    "Signature": 0,
    "Radius": 5,
    "PunchesWithLeftArm": false,
    "MeleeDamage": 65,
    "MeleeInstability": 55,
    "MeleeToHitModifier": 0,
    "DFADamage": 70,
    "DFAToHitModifier": 0,
    "DFASelfDamage": 70,
    "DFAInstability": 70,
    "Locations": [
        {
            "Location": "Head",
            "Hardpoints": [],
            "Tonnage": 0,
            "InventorySlots": 1,
            "MaxArmor": 45,
            "MaxRearArmor": -1,
            "InternalStructure": 16
        },
        {
            "Location": "LeftArm",
            "Hardpoints": [],
            "Tonnage": 0,
            "InventorySlots": 8,
            "MaxArmor": 90,
            "MaxRearArmor": -1,
            "InternalStructure": 45
        },
        {
            "Location": "LeftTorso",
            "Hardpoints": [
                {
                    "WeaponMount": "Energy",
                    "Omni": false
                }
            ],
            "Tonnage": 0,
            "InventorySlots": 10,
            "MaxArmor": 130,
            "MaxRearArmor": 65,
            "InternalStructure": 65
        },
        {
            "Location": "CenterTorso",
            "Hardpoints": [
                {
                    "WeaponMount": "Missile",
                    "Omni": false
                }
			],
            "Tonnage": 0,
            "InventorySlots": 4,
            "MaxArmor": 180,
            "MaxRearArmor": 90,
            "InternalStructure": 90
        },
        {
            "Location": "RightTorso",
            "Hardpoints": [
                {
                    "WeaponMount": "Energy",
                    "Omni": false
                },
                {
                    "WeaponMount": "Energy",
                    "Omni": false
                }
            ],
            "Tonnage": 0,
            "InventorySlots": 10,
            "MaxArmor": 130,
            "MaxRearArmor": 65,
            "InternalStructure": 65
        },
        {
            "Location": "RightArm",
            "Hardpoints": [
                {
                    "WeaponMount": "Energy",
                    "Omni": false
                },
                {
                    "WeaponMount": "AntiPersonnel",
                    "Omni": false
                }
            ],
            "Tonnage": 0,
            "InventorySlots": 8,
            "MaxArmor": 90,
            "MaxRearArmor": -1,
            "InternalStructure": 45
        },
        {
            "Location": "LeftLeg",
            "Hardpoints": [],
            "Tonnage": 0,
            "InventorySlots": 4,
            "MaxArmor": 130,
            "MaxRearArmor": -1,
            "InternalStructure": 65
        },
        {
            "Location": "RightLeg",
            "Hardpoints": [],
            "Tonnage": 0,
            "InventorySlots": 4,
            "MaxArmor": 130,
            "MaxRearArmor": -1,
            "InternalStructure": 65
        }
    ],
    "LOSSourcePositions": [
        {
            "x": 0,
            "y": 15,
            "z": 0
        },
        {
            "x": 4,
            "y": 15,
            "z": 0
        },
        {
            "x": -4,
            "y": 15,
            "z": 0
        }
    ],
    "LOSTargetPositions": [
        {
            "x": 0,
            "y": 15,
            "z": 0
        },
        {
            "x": 4,
            "y": 15,
            "z": 0
        },
        {
            "x": -4,
            "y": 15,
            "z": 0
        },
        {
            "x": 2.5,
            "y": 6,
            "z": 2.5
        },
        {
            "x": -2.5,
            "y": 6,
            "z": 2.5
        }
    ],
    "VariantName": "CNS-3M",
    "ChassisTags": {
        "items": [
			"mr-resize-0.80-1.00-0.80"
		],
        "tagSetSourceFile": ""
    },
    "StockRole": "Striker & Skirmisher",
    "YangsThoughts": "The Cronus 3M hits hard with it's close-range weaponry. Typically well armored, they're capable of some surprise attacks due to their jump capability, although with only average heat efficiency."
}