{
    "Description": {
        "Cost": 3100000,
        "Rarity": 1,
        "Purchasable": true,
        "Manufacturer": "",
        "Model": "",
        "UIName": "Whitworth",
        "Id": "chassisdef_whitworth_WTH-1",
        "Name": "Whitworth",
        "Details": "The Whitworth is something of an ugly duckling, known among both critics and fans as the Tin Woodsman. The Whitworth is somewhat effective, when used to provide LRM support to a recon lance.  While slow for it's size it can effectively defend itself from units of the same weight class and lighter at short ranges.",
        "Icon": "uixTxrIcon_whitworth"
    },
    "MovementCapDefID": "movedef_whitworth_WTH-1",
    "PathingCapDefID": "pathingdef_medium",
    "HardpointDataDefID": "hardpointdatadef_trebuchet",
    "PrefabIdentifier": "chrPrfMech_trebuchetBase-001",
    "PrefabBase": "trebuchet",
    "Tonnage": 40,
    "InitialTonnage": 15,
    "weightClass": "MEDIUM",
    "BattleValue": 3610000,
    "Heatsinks": 0,
    "TopSpeed": 210,
    "TurnRadius": 90,
    "MaxJumpjets": 4,
    "Stability": 130,
    "StabilityDefenses": [
        0,
        0,
        0,
        0,
        0,
        0
    ],
    "SpotterDistanceMultiplier": 1,
    "VisibilityMultiplier": 1,
    "SensorRangeMultiplier": 1,
    "Signature": 0,
    "Radius": 5,
    "PunchesWithLeftArm": true,
    "MeleeDamage": 40,
    "MeleeInstability": 40,
    "MeleeToHitModifier": 0,
    "DFADamage": 50,
    "DFAToHitModifier": 0,
    "DFASelfDamage": 50,
    "DFAInstability": 50,
    "Locations": [
        {
            "Location": "Head",
            "Hardpoints": [
                {
                    "WeaponMount": "Energy",
                    "Omni": false
                },
                {
                    "WeaponMount": "AntiPersonnel",
                    "Omni": false
                }
            ],
            "Tonnage": 0,
            "InventorySlots": 1,
            "MaxArmor": 45,
            "MaxRearArmor": -1,
            "InternalStructure": 16
        },
        {
            "Location": "LeftArm",
            "Hardpoints": [
                {
                    "WeaponMount": "Energy",
                    "Omni": false
                }
            ],
            "Tonnage": 0,
            "InventorySlots": 8,
            "MaxArmor": 60,
            "MaxRearArmor": -1,
            "InternalStructure": 30
        },
        {
            "Location": "LeftTorso",
            "Hardpoints": [
                {
                    "WeaponMount": "Missile",
                    "Omni": false
                }
            ],
            "Tonnage": 0,
            "InventorySlots": 10,
            "MaxArmor": 100,
            "MaxRearArmor": 50,
            "InternalStructure": 50
        },
        {
            "Location": "CenterTorso",
            "Hardpoints": [],
            "Tonnage": 0,
            "InventorySlots": 4,
            "MaxArmor": 120,
            "MaxRearArmor": 60,
            "InternalStructure": 60
        },
        {
            "Location": "RightTorso",
            "Hardpoints": [
                {
                    "WeaponMount": "Missile",
                    "Omni": false
                }
            ],
            "Tonnage": 0,
            "InventorySlots": 10,
            "MaxArmor": 100,
            "MaxRearArmor": 50,
            "InternalStructure": 50
        },
        {
            "Location": "RightArm",
            "Hardpoints": [
                {
                    "WeaponMount": "Energy",
                    "Omni": false
                },
                {
                    "WeaponMount": "Energy",
                    "Omni": false
                }
            ],
            "Tonnage": 0,
            "InventorySlots": 8,
            "MaxArmor": 60,
            "MaxRearArmor": -1,
            "InternalStructure": 30
        },
        {
            "Location": "LeftLeg",
            "Hardpoints": [],
            "Tonnage": 0,
            "InventorySlots": 4,
            "MaxArmor": 100,
            "MaxRearArmor": -1,
            "InternalStructure": 50
        },
        {
            "Location": "RightLeg",
            "Hardpoints": [],
            "Tonnage": 0,
            "InventorySlots": 4,
            "MaxArmor": 100,
            "MaxRearArmor": -1,
            "InternalStructure": 50
        }
    ],
    "LOSSourcePositions": [
        {
            "x": 0,
            "y": 12,
            "z": 0
        },
        {
            "x": 3,
            "y": 12,
            "z": 0
        },
        {
            "x": -3,
            "y": 12,
            "z": 0
        }
    ],
    "LOSTargetPositions": [
        {
            "x": 0,
            "y": 12,
            "z": 0
        },
        {
            "x": 3,
            "y": 12,
            "z": 0
        },
        {
            "x": -3,
            "y": 12,
            "z": 0
        },
        {
            "x": 2.5,
            "y": 6,
            "z": 0
        },
        {
            "x": -2.5,
            "y": 6,
            "z": 0
        }
    ],
    "VariantName": "WTH-1",
    "ChassisTags": {
        "items": [
			"mr-resize-1.00-0.90-1.02"
		],
        "tagSetSourceFile": ""
    },
    "StockRole": "Fire Support",
    "YangsThoughts": "The Whitworth, or as I like to call it; the Tin Woodsman. The Whitworth is pretty effective at range and in close quarters fighting.  Decently armoured and jump capable, don't overlook this 'Mech because of his looks."
}