{
    "Description": {
        "Cost": 3140000,
        "Rarity": 1,
        "Purchasable": true,
        "Manufacturer": "",
        "Model": "",
        "UIName": "Clint",
        "Id": "chassisdef_clint_CLNT-2-4T",
        "Name": "Clint",
        "Details": "This variant of the Clint carries two AC2s in place of the single AC/5, giving it one of the longest ranges possible on such a small chassis. It also bears a single Medium Laser as a secondary weapon. Like the 1-2R variant, the 2-4T also has no jumping capability.",
        "Icon": "uixTxrIcon_clint"
    },
    "MovementCapDefID": "movedef_clint_CLNT-1-2R",
    "PathingCapDefID": "pathingdef_medium",
    "HardpointDataDefID": "hardpointdatadef_wolfhound",
    "PrefabIdentifier": "chrprfmech_wolfhoundbase-001",
    "PrefabBase": "wolfhound",
    "Tonnage": 40,
    "InitialTonnage": 21.5,
    "weightClass": "MEDIUM",
    "BattleValue": 3610000,
    "Heatsinks": 0,
    "TopSpeed": 210,
    "TurnRadius": 90,
    "MaxJumpjets": 6,
    "Stability": 130,
    "StabilityDefenses": [
        0,
        0,
        0,
        0,
        0,
        0
    ],
    "SpotterDistanceMultiplier": 1,
    "VisibilityMultiplier": 1,
    "SensorRangeMultiplier": 1,
    "Signature": 0,
    "Radius": 5,
    "PunchesWithLeftArm": false,
    "MeleeDamage": 40,
    "MeleeInstability": 40,
    "MeleeToHitModifier": 0,
    "DFADamage": 50,
    "DFAToHitModifier": 0,
    "DFASelfDamage": 50,
    "DFAInstability": 50,
    "Locations": [
        {
            "Location": "Head",
            "Hardpoints": [],
            "Tonnage": 0,
            "InventorySlots": 1,
            "MaxArmor": 45,
            "MaxRearArmor": -1,
            "InternalStructure": 16
        },
        {
            "Location": "LeftArm",
            "Hardpoints": [],
            "Tonnage": 0,
            "InventorySlots": 8,
            "MaxArmor": 60,
            "MaxRearArmor": -1,
            "InternalStructure": 30
        },
        {
            "Location": "LeftTorso",
            "Hardpoints": [],
            "Tonnage": 0,
            "InventorySlots": 10,
            "MaxArmor": 100,
            "MaxRearArmor": 50,
            "InternalStructure": 50
        },
        {
            "Location": "CenterTorso",
            "Hardpoints": [
                {
                    "WeaponMount": "Energy",
                    "Omni": false
                },
                {
                    "WeaponMount": "AntiPersonnel",
                    "Omni": false
                }
            ],
            "Tonnage": 0,
            "InventorySlots": 4,
            "MaxArmor": 120,
            "MaxRearArmor": 60,
            "InternalStructure": 60
        },
        {
            "Location": "RightTorso",
            "Hardpoints": [],
            "Tonnage": 0,
            "InventorySlots": 10,
            "MaxArmor": 100,
            "MaxRearArmor": 50,
            "InternalStructure": 50
        },
        {
            "Location": "RightArm",
            "Hardpoints": [
                {
                    "WeaponMount": "Ballistic",
                    "Omni": false
                },
                {
                    "WeaponMount": "Ballistic",
                    "Omni": false
                },
                {
                    "WeaponMount": "AntiPersonnel",
                    "Omni": false
                },
                {
                    "WeaponMount": "AntiPersonnel",
                    "Omni": false
                }
			],
            "Tonnage": 0,
            "InventorySlots": 8,
            "MaxArmor": 60,
            "MaxRearArmor": -1,
            "InternalStructure": 30
        },
        {
            "Location": "LeftLeg",
            "Hardpoints": [],
            "Tonnage": 0,
            "InventorySlots": 4,
            "MaxArmor": 100,
            "MaxRearArmor": -1,
            "InternalStructure": 50
        },
        {
            "Location": "RightLeg",
            "Hardpoints": [],
            "Tonnage": 0,
            "InventorySlots": 4,
            "MaxArmor": 100,
            "MaxRearArmor": -1,
            "InternalStructure": 50
        }
    ],
    "LOSSourcePositions": [
        {
            "x": 0,
            "y": 12,
            "z": 0
        },
        {
            "x": 3,
            "y": 12,
            "z": 0
        },
        {
            "x": -3,
            "y": 12,
            "z": 0
        }
    ],
    "LOSTargetPositions": [
        {
            "x": 0,
            "y": 12,
            "z": 0
        },
        {
            "x": 3,
            "y": 12,
            "z": 0
        },
        {
            "x": -3,
            "y": 12,
            "z": 0
        },
        {
            "x": 2.5,
            "y": 6,
            "z": 0
        },
        {
            "x": -2.5,
            "y": 6,
            "z": 0
        }
    ],
    "VariantName": "CLNT-2-4T",
    "ChassisTags": {
        "items": [
			"mr-resize-1.15-1.05-1.05"
		],
        "tagSetSourceFile": ""
    },
    "StockRole": "Recon & Fire Support",
    "YangsThoughts": "This variant of the Clint carries two Autocannon/2s in place of the single AC/5, crazy on a 40 ton chassis, but the range this gives the 'Mech is one of the best at this weight range. Like the 1-2R variant, the 2-4T also has no jumping capability."
}