{
    "Description": {
        "Cost": 11800000,
        "Rarity": 99,
        "Purchasable": false,
        "Manufacturer": "",
        "Model": "",
        "UIName": "Marauder Bounty Hunter",
        "Id": "chassisdef_marauder_MAD-BH",
        "Name": "Marauder Bounty Hunter",
        "Details": "The Marauder was first built by General Motors in 2612 for use as an attack and direct fire support BattleMech. The first 'Mech to diverge from the traditional humanoid shape of previous machines, the Marauder was one of the most well-known 'Mechs in existence and originally meant to usher in a new generation of 'Mechs. Unfortunately, with the fall of the Star League, this new generation never quite materialized. On its own merits though, the Marauder was a devastatingly powerful 'Mech, outclassed only by larger machines like the Stalker and BattleMaster.",
        "Icon": "uixTxrIcon_marauder"
    },
    "MovementCapDefID": "movedef_marauder_MAD-BH",
    "PathingCapDefID": "pathingdef_heavy",
    "HardpointDataDefID": "hardpointdatadef_marauder",
    "PrefabIdentifier": "chrprfmech_marauderhotd-001",
    "PrefabBase": "marauder",
    "Tonnage": 75,
    "InitialTonnage": 22.5,
    "weightClass": "HEAVY",
    "BattleValue": 7124000,
    "Heatsinks": 0,
    "TopSpeed": 60,
    "TurnRadius": 90,
    "MaxJumpjets": 3,
    "Stability": 160,
    "StabilityDefenses": [
        0,
        0,
        0,
        0,
        0,
        0
    ],
    "SpotterDistanceMultiplier": 1,
    "VisibilityMultiplier": 1,
    "SensorRangeMultiplier": 1,
    "Signature": 0,
    "Radius": 8,
    "PunchesWithLeftArm": false,
    "MeleeDamage": 95,
    "MeleeInstability": 75,
    "MeleeToHitModifier": 0,
    "DFADamage": 95,
    "DFAToHitModifier": 0,
    "DFASelfDamage": 95,
    "DFAInstability": 95,
    "Locations": [
        {
            "Location": "Head",
            "Hardpoints": [],
            "Tonnage": 0,
            "InventorySlots": 1,
            "MaxArmor": 45,
            "MaxRearArmor": -1,
            "InternalStructure": 16
        },
        {
            "Location": "LeftArm",
            "Hardpoints": [
                {
                    "WeaponMount": "Energy",
                    "Omni": false
                },
                {
                    "WeaponMount": "Energy",
                    "Omni": false
                }
            ],
            "Tonnage": 0,
            "InventorySlots": 8,
            "MaxArmor": 120,
            "MaxRearArmor": -1,
            "InternalStructure": 60
        },
        {
            "Location": "LeftTorso",
            "Hardpoints": [
                {
                    "WeaponMount": "Energy",
                    "Omni": false
                }
			],
            "Tonnage": 0,
            "InventorySlots": 10,
            "MaxArmor": 160,
            "MaxRearArmor": 80,
            "InternalStructure": 80
        },
        {
            "Location": "CenterTorso",
            "Hardpoints": [
                {
                    "WeaponMount": "Energy",
                    "Omni": false
                }
			],
            "Tonnage": 0,
            "InventorySlots": 4,
            "MaxArmor": 230,
            "MaxRearArmor": 115,
            "InternalStructure": 115
        },
        {
            "Location": "RightTorso",
            "Hardpoints": [
                {
                    "WeaponMount": "Energy",
                    "Omni": false
                },
                {
                    "WeaponMount": "Energy",
                    "Omni": false
                }
            ],
            "Tonnage": 0,
            "InventorySlots": 10,
            "MaxArmor": 160,
            "MaxRearArmor": 80,
            "InternalStructure": 80
        },
        {
            "Location": "RightArm",
            "Hardpoints": [
                {
                    "WeaponMount": "Energy",
                    "Omni": false
                },
                {
                    "WeaponMount": "Energy",
                    "Omni": false
                }
            ],
            "Tonnage": 0,
            "InventorySlots": 8,
            "MaxArmor": 120,
            "MaxRearArmor": -1,
            "InternalStructure": 60
        },
        {
            "Location": "LeftLeg",
            "Hardpoints": [],
            "Tonnage": 0,
            "InventorySlots": 4,
            "MaxArmor": 160,
            "MaxRearArmor": -1,
            "InternalStructure": 80
        },
        {
            "Location": "RightLeg",
            "Hardpoints": [],
            "Tonnage": 0,
            "InventorySlots": 4,
            "MaxArmor": 160,
            "MaxRearArmor": -1,
            "InternalStructure": 80
        }
    ],
    "LOSSourcePositions": [
        {
            "x": 0,
            "y": 18,
            "z": 1
        },
        {
            "x": 4,
            "y": 16,
            "z": 0
        },
        {
            "x": -4,
            "y": 16,
            "z": 0
        }
    ],
    "LOSTargetPositions": [
        {
            "x": 0,
            "y": 18,
            "z": 1
        },
        {
            "x": 4,
            "y": 16,
            "z": 0
        },
        {
            "x": -4,
            "y": 16,
            "z": 0
        },
        {
            "x": 3,
            "y": 6,
            "z": 0
        },
        {
            "x": -3,
            "y": 6,
            "z": 0
        }
    ],
    "VariantName": "MAD-BH",
    "ChassisTags": {
        "items": [
			"mr-resize-0.75-0.89-0.92"
		],
        "tagSetSourceFile": ""
    },
    "StockRole": "Sniper & Ranged Assault",
    "YangsThoughts": "The Marauder packs blistering fire power, and does it in style.  It's great to see this mech in our mech bay.",
    "FixedEquipment" : [
		{
			"MountedLocation": "CenterTorso",
			"ComponentDefID": "Gear_HeatSink_Engine_Double",
			"SimGameUID": "",
			"ComponentDefType": "HeatSink",
			"HardpointSlot": -1,
			"IsFixed": true,
			"GUID": null,
			"DamageLevel": "Functional",
			"prefabName": null,
			"hasPrefabName": false
		}
    ]
}