{
    "Description": {
        "Cost": 3700000,
        "Rarity": 1,
        "Purchasable": true,
        "Manufacturer": "",
        "Model": "",
        "UIName": "Clint",
        "Id": "chassisdef_clint_CLNT-2-3T",
        "Name": "Clint",
        "Details": "The Clint was primarily designed as a cheap recon unit, with the capabilities of a well-armed, low-end medium weight 'Mech, and in this regard it serves well. With a top speed of 97.2 km/h and a jumping capability of one hundred and eighty meters, the Clint can easily keep up with other recon elements and maneuver through mountainous or urban terrain.",
        "Icon": "uixTxrIcon_clint"
    },
    "MovementCapDefID": "movedef_clint_CLNT-1-2R",
    "PathingCapDefID": "pathingdef_medium",
    "HardpointDataDefID": "hardpointdatadef_wolfhound",
    "PrefabIdentifier": "chrprfmech_wolfhoundbase-001",
    "PrefabBase": "wolfhound",
    "Tonnage": 40,
    "InitialTonnage": 21.5,
    "weightClass": "MEDIUM",
    "BattleValue": 3610000,
    "Heatsinks": 0,
    "TopSpeed": 210,
    "TurnRadius": 90,
    "MaxJumpjets": 6,
    "Stability": 130,
    "StabilityDefenses": [
        0,
        0,
        0,
        0,
        0,
        0
    ],
    "SpotterDistanceMultiplier": 1,
    "VisibilityMultiplier": 1,
    "SensorRangeMultiplier": 1,
    "Signature": 0,
    "Radius": 5,
    "PunchesWithLeftArm": false,
    "MeleeDamage": 40,
    "MeleeInstability": 40,
    "MeleeToHitModifier": 0,
    "DFADamage": 50,
    "DFAToHitModifier": 0,
    "DFASelfDamage": 50,
    "DFAInstability": 50,
    "Locations": [
        {
            "Location": "Head",
            "Hardpoints": [],
            "Tonnage": 0,
            "InventorySlots": 1,
            "MaxArmor": 45,
            "MaxRearArmor": -1,
            "InternalStructure": 16
        },
        {
            "Location": "LeftArm",
            "Hardpoints": [],
            "Tonnage": 0,
            "InventorySlots": 8,
            "MaxArmor": 60,
            "MaxRearArmor": -1,
            "InternalStructure": 30
        },
        {
            "Location": "LeftTorso",
            "Hardpoints": [
                {
                    "WeaponMount": "Energy",
                    "Omni": false
                },
                {
                    "WeaponMount": "Energy",
                    "Omni": false
                }
			],
            "Tonnage": 0,
            "InventorySlots": 10,
            "MaxArmor": 100,
            "MaxRearArmor": 50,
            "InternalStructure": 50
        },
        {
            "Location": "CenterTorso",
            "Hardpoints": [
                {
                    "WeaponMount": "Energy",
                    "Omni": false
                },
                {
                    "WeaponMount": "Energy",
                    "Omni": false
                },
                {
                    "WeaponMount": "AntiPersonnel",
                    "Omni": false
                }
            ],
            "Tonnage": 0,
            "InventorySlots": 4,
            "MaxArmor": 120,
            "MaxRearArmor": 60,
            "InternalStructure": 60
        },
        {
            "Location": "RightTorso",
            "Hardpoints": [],
            "Tonnage": 0,
            "InventorySlots": 10,
            "MaxArmor": 100,
            "MaxRearArmor": 50,
            "InternalStructure": 50
        },
        {
            "Location": "RightArm",
            "Hardpoints": [
                {
                    "WeaponMount": "Ballistic",
                    "Omni": false
                }
			],
            "Tonnage": 0,
            "InventorySlots": 8,
            "MaxArmor": 60,
            "MaxRearArmor": -1,
            "InternalStructure": 30
        },
        {
            "Location": "LeftLeg",
            "Hardpoints": [],
            "Tonnage": 0,
            "InventorySlots": 4,
            "MaxArmor": 100,
            "MaxRearArmor": -1,
            "InternalStructure": 50
        },
        {
            "Location": "RightLeg",
            "Hardpoints": [],
            "Tonnage": 0,
            "InventorySlots": 4,
            "MaxArmor": 100,
            "MaxRearArmor": -1,
            "InternalStructure": 50
        }
    ],
    "LOSSourcePositions": [
        {
            "x": 0,
            "y": 12,
            "z": 0
        },
        {
            "x": 3,
            "y": 12,
            "z": 0
        },
        {
            "x": -3,
            "y": 12,
            "z": 0
        }
    ],
    "LOSTargetPositions": [
        {
            "x": 0,
            "y": 12,
            "z": 0
        },
        {
            "x": 3,
            "y": 12,
            "z": 0
        },
        {
            "x": -3,
            "y": 12,
            "z": 0
        },
        {
            "x": 2.5,
            "y": 6,
            "z": 0
        },
        {
            "x": -2.5,
            "y": 6,
            "z": 0
        }
    ],
    "VariantName": "CLNT-2-3T",
    "ChassisTags": {
        "items": [
			"mr-resize-1.15-1.05-1.05"
		],
        "tagSetSourceFile": ""
    },
    "StockRole": "Recon & Fire Support",
    "YangsThoughts": "The Clint was primarily designed as a cheap recon unit, with the capabilities of a well-armed, low-end medium weight 'Mech, and in this regard it serves well. The firepower and speed aren't the problem, to achieve this you are left with a paper thin amount of armor."
}