{
    "Description": {
        "Cost": 1280000,
        "Rarity": 0,
        "Purchasable": true,
        "Manufacturer": "",
        "Model": "",
        "UIName": "Hornet",
        "Id": "chassisdef_hornet_HNT-151",
        "Name": "Hornet",
        "Details": "The Hornet HNT-151 is designed around the concept of being able to swiftly move through an urban environment with relatively heavy armor. Overall, because of its eclectic mix of weapons and relatively slow speed, the Hornet is only somewhat effective when inside of a city. When caught outside an urban environment the 'Mech is hard pressed to defend itself.",
        "Icon": "uixTxrIcon_hornet"
    },
    "MovementCapDefID": "movedef_hornet_HNT-151",
    "PathingCapDefID": "pathingdef_light",
    "HardpointDataDefID": "hardpointdatadef_urbanmech",
    "PrefabIdentifier": "chrPrfMech_urbanmechBase-001",
    "PrefabBase": "urbanmech",
    "Tonnage": 20,
    "InitialTonnage": 9,
    "weightClass": "LIGHT",
    "BattleValue": 1642000,
    "Heatsinks": 0,
    "TopSpeed": 210,
    "TurnRadius": 90,
    "MaxJumpjets": 5,
    "Stability": 100,
    "StabilityDefenses": [
        0,
        0,
        0,
        0,
        0,
        0
    ],
    "SpotterDistanceMultiplier": 1,
    "VisibilityMultiplier": 1,
    "SensorRangeMultiplier": 1,
    "Signature": 0,
    "Radius": 4,
    "PunchesWithLeftArm": false,
    "MeleeDamage": 15,
    "MeleeInstability": 20,
    "MeleeToHitModifier": 0,
    "DFADamage": 25,
    "DFAToHitModifier": 0,
    "DFASelfDamage": 25,
    "DFAInstability": 25,
    "Locations": [
        {
            "Location": "Head",
            "Hardpoints": [],
            "Tonnage": 0,
            "InventorySlots": 1,
            "MaxArmor": 45,
            "MaxRearArmor": -1,
            "InternalStructure": 16
        },
        {
            "Location": "LeftArm",
            "Hardpoints": [
                {
                    "WeaponMount": "AntiPersonnel",
                    "Omni": false
                }
            ],
            "Tonnage": 0,
            "InventorySlots": 8,
            "MaxArmor": 30,
            "MaxRearArmor": -1,
            "InternalStructure": 15
        },
        {
            "Location": "LeftTorso",
            "Hardpoints": [
                {
                    "WeaponMount": "Missile",
                    "Omni": false
                }
			],
            "Tonnage": 0,
            "InventorySlots": 10,
            "MaxArmor": 50,
            "MaxRearArmor": 25,
            "InternalStructure": 25
        },
        {
            "Location": "CenterTorso",
            "Hardpoints": [],
            "Tonnage": 0,
            "InventorySlots": 4,
            "MaxArmor": 60,
            "MaxRearArmor": 30,
            "InternalStructure": 30
        },
        {
            "Location": "RightTorso",
            "Hardpoints": [],
            "Tonnage": 0,
            "InventorySlots": 10,
            "MaxArmor": 50,
            "MaxRearArmor": 25,
            "InternalStructure": 25
        },
        {
            "Location": "RightArm",
            "Hardpoints": [
                {
                    "WeaponMount": "Energy",
                    "Omni": false
                },
                {
                    "WeaponMount": "Energy",
                    "Omni": false
                },
                {
                    "WeaponMount": "AntiPersonnel",
                    "Omni": false
                }
            ],
            "Tonnage": 0,
            "InventorySlots": 8,
            "MaxArmor": 30,
            "MaxRearArmor": -1,
            "InternalStructure": 15
        },
        {
            "Location": "LeftLeg",
            "Hardpoints": [],
            "Tonnage": 0,
            "InventorySlots": 4,
            "MaxArmor": 40,
            "MaxRearArmor": -1,
            "InternalStructure": 20
        },
        {
            "Location": "RightLeg",
            "Hardpoints": [],
            "Tonnage": 0,
            "InventorySlots": 4,
            "MaxArmor": 40,
            "MaxRearArmor": -1,
            "InternalStructure": 20
        }
    ],
    "LOSSourcePositions": [
        {
            "x": 0,
            "y": 8,
            "z": 0
        },
        {
            "x": 2,
            "y": 8,
            "z": -1
        },
        {
            "x": -2,
            "y": 8,
            "z": -1
        }
    ],
    "LOSTargetPositions": [
        {
            "x": 0,
            "y": 8,
            "z": 0
        },
        {
            "x": 2,
            "y": 8,
            "z": -1
        },
        {
            "x": -2,
            "y": 8,
            "z": -1
        },
        {
            "x": 1.5,
            "y": 3,
            "z": 0
        },
        {
            "x": -1.5,
            "y": 3,
            "z": 0
        }
    ],
    "VariantName": "HNT-151",
    "ChassisTags": {
        "items": [
			"mr-resize-0.70-0.82-0.70"
		],
        "tagSetSourceFile": ""
    },
    "StockRole": "Light Fire Support",
    "YangsThoughts": "The Hornet is designed around the concept of being able to swiftly move through an urban environment with relatively heavy armor. Overall, because of its eclectic mix of weapons and relatively slow speed, the Hornet is only somewhat effective when inside of a city. When caught outside an urban environment the 'Mech is hard pressed to defend itself."
}