{
    "Description": {
        "Cost": 7680000,
        "Rarity": 4,
        "Purchasable": true,
        "Manufacturer": "",
        "Model": "",
        "UIName": "Guillotine",
        "Id": "chassisdef_guillotine_GLT-4P",
        "Name": "Guillotine",
        "Details": "This variant of the Guillotine 4L model was introduced in 2833. While few pilots were willing to tamper with the original design, this refit replaces the Large Laser with a PPC at the expense of two tons of armor. Results with this variant have been mixed.",
        "Icon": "uixTxrIcon_guillotine"
    },
    "MovementCapDefID": "movedef_guillotine_GLT-4L",
    "PathingCapDefID": "pathingdef_heavy",
    "HardpointDataDefID": "hardpointdatadef_guillotine",
    "PrefabIdentifier": "chrprfmech_maulerbase-001",
    "PrefabBase": "mauler",
    "Tonnage": 70,
    "InitialTonnage": 29,
    "weightClass": "HEAVY",
    "BattleValue": 7602000,
    "Heatsinks": 0,
    "TopSpeed": 120,
    "TurnRadius": 90,
    "MaxJumpjets": 4,
    "Stability": 160,
    "StabilityDefenses": [
        0,
        0,
        0,
        0,
        0,
        0
    ],
    "SpotterDistanceMultiplier": 1,
    "VisibilityMultiplier": 1,
    "SensorRangeMultiplier": 1,
    "Signature": 0,
    "Radius": 8,
    "PunchesWithLeftArm": false,
    "MeleeDamage": 80,
    "MeleeInstability": 70,
    "MeleeToHitModifier": 0,
    "DFADamage": 90,
    "DFAToHitModifier": 0,
    "DFASelfDamage": 90,
    "DFAInstability": 90,
    "Locations": [
        {
            "Location": "Head",
            "Hardpoints": [],
            "Tonnage": 0,
            "InventorySlots": 1,
            "MaxArmor": 45,
            "MaxRearArmor": -1,
            "InternalStructure": 16
        },
        {
            "Location": "LeftArm",
            "Hardpoints": [
                {
                    "WeaponMount": "Energy",
                    "Omni": false
                },
                {
                    "WeaponMount": "Energy",
                    "Omni": false
                }
            ],
            "Tonnage": 0,
            "InventorySlots": 8,
            "MaxArmor": 110,
            "MaxRearArmor": -1,
            "InternalStructure": 55
        },
        {
            "Location": "LeftTorso",
            "Hardpoints": [
                {
                    "WeaponMount": "Missile",
                    "Omni": false
                },
                {
                    "WeaponMount": "Energy",
                    "Omni": false
                },
                {
                    "WeaponMount": "AntiPersonnel",
                    "Omni": false
                }
            ],
            "Tonnage": 0,
            "InventorySlots": 10,
            "MaxArmor": 150,
            "MaxRearArmor": 75,
            "InternalStructure": 75
        },
        {
            "Location": "CenterTorso",
            "Hardpoints": [],
            "Tonnage": 0,
            "InventorySlots": 4,
            "MaxArmor": 220,
            "MaxRearArmor": 110,
            "InternalStructure": 110
        },
        {
            "Location": "RightTorso",
            "Hardpoints": [
                {
                    "WeaponMount": "Energy",
                    "Omni": false
                },
                {
                    "WeaponMount": "AntiPersonnel",
                    "Omni": false
                }
            ],
            "Tonnage": 0,
            "InventorySlots": 10,
            "MaxArmor": 150,
            "MaxRearArmor": 75,
            "InternalStructure": 75
        },
        {
            "Location": "RightArm",
            "Hardpoints": [
                {
                    "WeaponMount": "Energy",
                    "Omni": false
                },
                {
                    "WeaponMount": "Energy",
                    "Omni": false
                },
                {
                    "WeaponMount": "AntiPersonnel",
                    "Omni": false
                }
            ],
            "Tonnage": 0,
            "InventorySlots": 8,
            "MaxArmor": 110,
            "MaxRearArmor": -1,
            "InternalStructure": 55
        },
        {
            "Location": "LeftLeg",
            "Hardpoints": [],
            "Tonnage": 0,
            "InventorySlots": 4,
            "MaxArmor": 150,
            "MaxRearArmor": -1,
            "InternalStructure": 75
        },
        {
            "Location": "RightLeg",
            "Hardpoints": [],
            "Tonnage": 0,
            "InventorySlots": 4,
            "MaxArmor": 150,
            "MaxRearArmor": -1,
            "InternalStructure": 75
        }
    ],
    "LOSSourcePositions": [
        {
            "x": 0,
            "y": 18,
            "z": 0
        },
        {
            "x": 4,
            "y": 17,
            "z": 0
        },
        {
            "x": -4,
            "y": 17,
            "z": 0
        }
    ],
    "LOSTargetPositions": [
        {
            "x": 0,
            "y": 18,
            "z": 0
        },
        {
            "x": 4,
            "y": 17,
            "z": 0
        },
        {
            "x": -4,
            "y": 17,
            "z": 0
        },
        {
            "x": 3,
            "y": 5,
            "z": 0
        },
        {
            "x": -3,
            "y": 5,
            "z": 0
        }
    ],
    "VariantName": "GLT-4P",
    "ChassisTags": {
        "items": [
			"mr-resize-0.77-1.02-0.77"
		],
        "tagSetSourceFile": ""
    },
    "StockRole": "Heavy Skirmisher & Cavalry",
    "YangsThoughts": "I'm not a fan of how they dropped the armor on the 4P, they also switched the Large Laser out for a PPC, little more punch at range is the trade off I guess. The Guillotine's ability to get around the battlefield and apply it's firepower where it is needed is impressive considering it's size."
}