{
    "Description": {
        "Cost": 4200000,
        "Rarity": 2,
        "Purchasable": true,
        "Manufacturer": "",
        "Model": "",
        "UIName": "Ostscout",
        "Id": "chassisdef_ostscout_OTT-7J",
        "Name": "Ostscout",
        "Details": "The Ostscout was designed as a pure recon BattleMech by Ostmann Industries. The Ostcout would be hard-pressed to win a fight against all but the lightest 'Mechs. A poor combatant, the 'Mech excels at operating deep behind enemy lines, gathering as much information as possible about the terrain and the disposition of enemy forces.",
        "Icon": "uixTxrIcon_ostscout"
    },
    "MovementCapDefID": "movedef_ostscout_OTT-7J",
    "PathingCapDefID": "pathingdef_light",
    "HardpointDataDefID": "hardpointdatadef_hunchbackiic",
    "PrefabIdentifier": "chrPrfMech_hunchbackiicHotD-001",
    "PrefabBase": "hunchbackiic",
    "Tonnage": 35,
    "InitialTonnage": 25.5,
    "weightClass": "LIGHT",
    "BattleValue": 3749000,
    "Heatsinks": 0,
    "TopSpeed": 85,
    "TurnRadius": 90,
    "MaxJumpjets": 8,
    "Stability": 100,
    "StabilityDefenses": [
        0,
        0,
        0,
        0,
        0,
        0
    ],
    "SpotterDistanceMultiplier": 1,
    "VisibilityMultiplier": 1,
    "SensorRangeMultiplier": 1,
    "Signature": 0,
    "Radius": 4,
    "PunchesWithLeftArm": false,
    "MeleeDamage": 50,
    "MeleeInstability": 35,
    "MeleeToHitModifier": 0,
    "DFADamage": 45,
    "DFAToHitModifier": 0,
    "DFASelfDamage": 45,
    "DFAInstability": 45,
    "Locations": [
        {
            "Location": "Head",
            "Hardpoints": [],
            "Tonnage": 0,
            "InventorySlots": 1,
            "MaxArmor": 45,
            "MaxRearArmor": -1,
            "InternalStructure": 16
        },
        {
            "Location": "LeftArm",
            "Hardpoints": [],
            "Tonnage": 0,
            "InventorySlots": 8,
            "MaxArmor": 60,
            "MaxRearArmor": -1,
            "InternalStructure": 30
        },
        {
            "Location": "LeftTorso",
            "Hardpoints": [],
            "Tonnage": 0,
            "InventorySlots": 10,
            "MaxArmor": 80,
            "MaxRearArmor": 40,
            "InternalStructure": 40
        },
        {
            "Location": "CenterTorso",
            "Hardpoints": [
                {
                    "WeaponMount": "Energy",
                    "Omni": false
                },
                {
                    "WeaponMount": "AntiPersonnel",
                    "Omni": false
                }
            ],
            "Tonnage": 0,
            "InventorySlots": 4,
            "MaxArmor": 110,
            "MaxRearArmor": 55,
            "InternalStructure": 55
        },
        {
            "Location": "RightTorso",
            "Hardpoints": [],
            "Tonnage": 0,
            "InventorySlots": 10,
            "MaxArmor": 80,
            "MaxRearArmor": 40,
            "InternalStructure": 40
        },
        {
            "Location": "RightArm",
            "Hardpoints": [],
            "Tonnage": 0,
            "InventorySlots": 8,
            "MaxArmor": 60,
            "MaxRearArmor": -1,
            "InternalStructure": 30
        },
        {
            "Location": "LeftLeg",
            "Hardpoints": [],
            "Tonnage": 0,
            "InventorySlots": 4,
            "MaxArmor": 80,
            "MaxRearArmor": -1,
            "InternalStructure": 40
        },
        {
            "Location": "RightLeg",
            "Hardpoints": [],
            "Tonnage": 0,
            "InventorySlots": 4,
            "MaxArmor": 80,
            "MaxRearArmor": -1,
            "InternalStructure": 40
        }
    ],
    "LOSSourcePositions": [
        {
            "x": 0,
            "y": 12.5,
            "z": 0.5
        },
        {
            "x": -2.5,
            "y": 11.5,
            "z": -0.5
        },
        {
            "x": 2.5,
            "y": 11.5,
            "z": -0.5
        }
    ],
    "LOSTargetPositions": [
        {
            "x": 0,
            "y": 12.5,
            "z": 0.5
        },
        {
            "x": -2.5,
            "y": 11.5,
            "z": -0.5
        },
        {
            "x": 2.5,
            "y": 11.5,
            "z": -0.5
        },
        {
            "x": -2,
            "y": 3,
            "z": 0.5
        },
        {
            "x": 2,
            "y": 3,
            "z": 0.5
        }
    ],
    "VariantName": "OTT-7J",
    "ChassisTags": {
        "items": [
			"mr-resize-0.75-0.82-0.78"
		],
        "tagSetSourceFile": ""
    },
    "StockRole": "Scout",
    "YangsThoughts": "The Ostscout is every bit as bad a combat 'Mech as it is a good scout 'Mech. Not sure how useful the Ostscout will be to us given the kind of missions we have been picking up lately but I'm at your disposal if you want anything done to her."
}