{
    "Description": {
        "Cost": 5620000,
        "Rarity": 5,
        "Purchasable": true,
        "Manufacturer": "",
        "Model": "",
        "UIName": "Ostroc",
        "Id": "chassisdef_ostroc_OSR-2M",
        "Name": "Ostroc",
        "Details": "An experimental model produced by Kong Interstellar for the Free Worlds League in 2793, the 2M variant of the Ostroc focuses on the 'Mech's maneuverability. Five jump jets, two in each leg and one in the center torso, have been added to the design, giving it a maximum jumping distance of one hundred and fifty meters. In order to make this change, the medium lasers and the SRM-4 launcher were removed.",
        "Icon": "uixTxrIcon_ostroc"
    },
    "MovementCapDefID": "movedef_ostroc_OSR-2C",
    "PathingCapDefID": "pathingdef_heavy",
    "HardpointDataDefID": "hardpointdatadef_incubus",
    "PrefabIdentifier": "chrprfmech_incubusbase-001",
    "PrefabBase": "incubus",
    "Tonnage": 60,
    "InitialTonnage": 31,
    "weightClass": "HEAVY",
    "BattleValue": 5519000,
    "Heatsinks": 0,
    "TopSpeed": 150,
    "TurnRadius": 90,
    "MaxJumpjets": 5,
    "Stability": 160,
    "StabilityDefenses": [
        0,
        0,
        0,
        0,
        0,
        0
    ],
    "SpotterDistanceMultiplier": 1,
    "VisibilityMultiplier": 1,
    "SensorRangeMultiplier": 1,
    "Signature": 0,
    "Radius": 8,
    "PunchesWithLeftArm": true,
    "MeleeDamage": 60,
    "MeleeInstability": 60,
    "MeleeToHitModifier": 0,
    "DFADamage": 75,
    "DFAToHitModifier": 0,
    "DFASelfDamage": 75,
    "DFAInstability": 75,
    "Locations": [
        {
            "Location": "Head",
            "Hardpoints": [],
            "Tonnage": 0,
            "InventorySlots": 1,
            "MaxArmor": 45,
            "MaxRearArmor": -1,
            "InternalStructure": 16
        },
        {
            "Location": "LeftArm",
            "Hardpoints": [],
            "Tonnage": 0,
            "InventorySlots": 8,
            "MaxArmor": 100,
            "MaxRearArmor": -1,
            "InternalStructure": 50
        },
        {
            "Location": "LeftTorso",
            "Hardpoints": [
                {
                    "WeaponMount": "Energy",
                    "Omni": false
                },
                {
                    "WeaponMount": "Energy",
                    "Omni": false
                }
            ],
            "Tonnage": 0,
            "InventorySlots": 10,
            "MaxArmor": 140,
            "MaxRearArmor": 70,
            "InternalStructure": 70
        },
        {
            "Location": "CenterTorso",
            "Hardpoints": [],
            "Tonnage": 0,
            "InventorySlots": 4,
            "MaxArmor": 200,
            "MaxRearArmor": 100,
            "InternalStructure": 100
        },
        {
            "Location": "RightTorso",
            "Hardpoints": [
                {
                    "WeaponMount": "Energy",
                    "Omni": false
                },
                {
                    "WeaponMount": "Energy",
                    "Omni": false
                }
            ],
            "Tonnage": 0,
            "InventorySlots": 10,
            "MaxArmor": 140,
            "MaxRearArmor": 70,
            "InternalStructure": 70
        },
        {
            "Location": "RightArm",
            "Hardpoints": [],
            "Tonnage": 0,
            "InventorySlots": 8,
            "MaxArmor": 100,
            "MaxRearArmor": -1,
            "InternalStructure": 50
        },
        {
            "Location": "LeftLeg",
            "Hardpoints": [],
            "Tonnage": 0,
            "InventorySlots": 4,
            "MaxArmor": 140,
            "MaxRearArmor": -1,
            "InternalStructure": 70
        },
        {
            "Location": "RightLeg",
            "Hardpoints": [],
            "Tonnage": 0,
            "InventorySlots": 4,
            "MaxArmor": 140,
            "MaxRearArmor": -1,
            "InternalStructure": 70
        }
    ],
    "LOSSourcePositions": [
        {
            "x": 0,
            "y": 13,
            "z": 1
        },
        {
            "x": 3,
            "y": 13,
            "z": 0
        },
        {
            "x": -3,
            "y": 13,
            "z": 0
        }
    ],
    "LOSTargetPositions": [
        {
            "x": 0,
            "y": 13,
            "z": 1
        },
        {
            "x": 3,
            "y": 13,
            "z": 0
        },
        {
            "x": -3,
            "y": 13,
            "z": 0
        },
        {
            "x": 2,
            "y": 5,
            "z": 0
        },
        {
            "x": -2,
            "y": 5,
            "z": 0
        }
    ],
    "VariantName": "OSR-2M",
    "ChassisTags": {
        "items": [
			"mr-resize-1.35-1.35-1.55"
		],
        "tagSetSourceFile": ""
    },
    "StockRole": "Sniper & Fire Support",
    "YangsThoughts": "An experimental Free Worlds League model, the 2M variant of the Ostroc sports five jump jets, giving it a maximum jumping distance of one hundred and fifty meters. This comes at the cost of firepower though."
}