{
    "Description": {
        "Cost": 5350000,
        "Rarity": 2,
        "Purchasable": true,
        "Manufacturer": "",
        "Model": "",
        "UIName": "Ostroc",
        "Id": "chassisdef_ostroc_OSR-2C",
        "Name": "Ostroc",
        "Details": "The Ostroc is a heavy 'Mech, weighing in at the lower end of its weight class, originally designed to act as an urban combatant.  Fast for its size, well-armored and boasting good medium- and short-range firepower, the Ostroc was capable as a heavy scout/raider.",
        "Icon": "uixTxrIcon_ostroc"
    },
    "MovementCapDefID": "movedef_ostroc_OSR-2C",
    "PathingCapDefID": "pathingdef_heavy",
    "HardpointDataDefID": "hardpointdatadef_incubus",
    "PrefabIdentifier": "chrprfmech_incubusbase-001",
    "PrefabBase": "incubus",
    "Tonnage": 60,
    "InitialTonnage": 31,
    "weightClass": "HEAVY",
    "BattleValue": 5519000,
    "Heatsinks": 0,
    "TopSpeed": 150,
    "TurnRadius": 90,
    "MaxJumpjets": 5,
    "Stability": 160,
    "StabilityDefenses": [
        0,
        0,
        0,
        0,
        0,
        0
    ],
    "SpotterDistanceMultiplier": 1,
    "VisibilityMultiplier": 1,
    "SensorRangeMultiplier": 1,
    "Signature": 0,
    "Radius": 8,
    "PunchesWithLeftArm": true,
    "MeleeDamage": 60,
    "MeleeInstability": 60,
    "MeleeToHitModifier": 0,
    "DFADamage": 75,
    "DFAToHitModifier": 0,
    "DFASelfDamage": 75,
    "DFAInstability": 75,
    "Locations": [
        {
            "Location": "Head",
            "Hardpoints": [],
            "Tonnage": 0,
            "InventorySlots": 1,
            "MaxArmor": 45,
            "MaxRearArmor": -1,
            "InternalStructure": 16
        },
        {
            "Location": "LeftArm",
            "Hardpoints": [],
            "Tonnage": 0,
            "InventorySlots": 8,
            "MaxArmor": 100,
            "MaxRearArmor": -1,
            "InternalStructure": 50
        },
        {
            "Location": "LeftTorso",
            "Hardpoints": [
                {
                    "WeaponMount": "Energy",
                    "Omni": false
                },
                {
                    "WeaponMount": "Energy",
                    "Omni": false
                },
                {
                    "WeaponMount": "AntiPersonnel",
                    "Omni": false
                }
            ],
            "Tonnage": 0,
            "InventorySlots": 10,
            "MaxArmor": 140,
            "MaxRearArmor": 70,
            "InternalStructure": 70
        },
        {
            "Location": "CenterTorso",
            "Hardpoints": [],
            "Tonnage": 0,
            "InventorySlots": 4,
            "MaxArmor": 200,
            "MaxRearArmor": 100,
            "InternalStructure": 100
        },
        {
            "Location": "RightTorso",
            "Hardpoints": [
                {
                    "WeaponMount": "Missile",
                    "Omni": false
                },
                {
                    "WeaponMount": "Energy",
                    "Omni": false
                },
                {
                    "WeaponMount": "Energy",
                    "Omni": false
                },
                {
                    "WeaponMount": "AntiPersonnel",
                    "Omni": false
                }
            ],
            "Tonnage": 0,
            "InventorySlots": 10,
            "MaxArmor": 140,
            "MaxRearArmor": 70,
            "InternalStructure": 70
        },
        {
            "Location": "RightArm",
            "Hardpoints": [],
            "Tonnage": 0,
            "InventorySlots": 8,
            "MaxArmor": 100,
            "MaxRearArmor": -1,
            "InternalStructure": 50
        },
        {
            "Location": "LeftLeg",
            "Hardpoints": [],
            "Tonnage": 0,
            "InventorySlots": 4,
            "MaxArmor": 140,
            "MaxRearArmor": -1,
            "InternalStructure": 70
        },
        {
            "Location": "RightLeg",
            "Hardpoints": [],
            "Tonnage": 0,
            "InventorySlots": 4,
            "MaxArmor": 140,
            "MaxRearArmor": -1,
            "InternalStructure": 70
        }
    ],
    "LOSSourcePositions": [
        {
            "x": 0,
            "y": 13,
            "z": 1
        },
        {
            "x": 3,
            "y": 13,
            "z": 0
        },
        {
            "x": -3,
            "y": 13,
            "z": 0
        }
    ],
    "LOSTargetPositions": [
        {
            "x": 0,
            "y": 13,
            "z": 1
        },
        {
            "x": 3,
            "y": 13,
            "z": 0
        },
        {
            "x": -3,
            "y": 13,
            "z": 0
        },
        {
            "x": 2,
            "y": 5,
            "z": 0
        },
        {
            "x": -2,
            "y": 5,
            "z": 0
        }
    ],
    "VariantName": "OSR-2C",
    "ChassisTags": {
        "items": [
			"mr-resize-1.35-1.35-1.55"
		],
        "tagSetSourceFile": ""
    },
    "StockRole": "Sniper & Fire Support",
    "YangsThoughts": "The Ostroc is a heavy 'Mech, weighing in at the lower end of its weight class, originally designed to act as an urban combatant.  Fast for its size, well-armored and boasting good medium- and short-range firepower, the Ostroc is a capable heavy scout/raider."
}