{
	"Description" : {
		"Id" : "TraitDefCalledShotMaster",
		"Name" : "Called Shot Mastery",
		"Details" : "PASSIVE: Called Shots taken by this MechWarrior are almost guaranteed to hit their location (max of 35% chance for head shots).",
		"Icon" : "uixSvgIcon_ability_mastertactician"
	},
	"Type" : "CalledShotBonus",
	"ShortDesc" : "Called Shot Mastery",
    "DisplayParams" : "ShowInPilotToolTip",
	"ActivationTime" : "Passive",
	"EffectData" :
	[
		{
			"durationData" :
			{
				"duration" : -1
			},
			"targetingData" : 
			{
				"effectTriggerType" : "OnActivation",
				"effectTargetType" : "Creator"
			},
			"effectType" : "StatisticEffect",
			"Description" :
			{
				"Id" : "TraitDefCalledShotMaster",
				"Name" : "Called Shot Mastery",
				"Details" : "Called Shots nearly guaranteed",
				"Icon" : "uixSvgIcon_ability_mastertactician"
			},
			"statisticData" : 
			{
				"statName" : "CalledShotBonusMultiplier",
				"operation" : "Float_Multiply",
				"modValue" : "2.92",
				"modType" : "System.Single"
			}
		}
	]
}
