{
	"Description" : {
		"Id" : "TraitDefMinRangeReduce90",
		"Name" : "Reduced Min. Range",
		"Details" : "PASSIVE: 'Mechs piloted by this MechWarrior have their minimum weapon range penalty reduced by 4.",
		"Icon" : "uixSvgIcon_ability_mastertactician"
	},
	"Type" : "MinimumRange",
	"ShortDesc" : "- 4 Minimum Range Penalty",
    "DisplayParams" : "ShowInPilotToolTip",
	"ActivationTime" : "Passive",
	"EffectData" :
	[
		{
			"durationData" :
			{
				"duration" : -1
			},
			"targetingData" : 
			{
				"effectTriggerType" : "OnActivation",
				"effectTargetType" : "Creator"
			},
			"effectType" : "StatisticEffect",
			"Description" :
			{
				"Id" : "TraitDefIndirectReduceOne",
				"Name" : "Reduced Min. Range",
				"Details" : "Minimum weapon range penalty reduced by 4",
				"Icon" : "uixSvgIcon_ability_mastertactician"
			},
			"statisticData" : 
			{
				"targetCollection" : "Weapon",
				"statName" : "MinRangeMultiplier",
				"operation" : "Set",
				"modValue" : "0.5",
				"modType" : "System.Single"
			}
		}
	]
}
