﻿{
  "Name": "BTMLColorLOSMod",
  "Enabled": true,

  "Version": "0.6.0.3025",

  "Author": "janxious",
  "Website": "https://github.com/janxious/BTMLColorLOSMod",

  "DLL": "BTMLColorLOSMod.dll",
  "DLLEntryPoint": "BTMLColorLOSMod.BTMLColorLOSMod.Init",
  "DependsOn": [],
  "ConflictsWith": [],

  "Settings": {
    "nextColorKeyBinding": {
      "active": true,
      "keys": ["shift", "i"]
    },

    "direct": {
      "active": true,
      "colors": [
        [179,   0,   0, 255],
        [  0, 255,   0, 255],
        [  0,   0, 255, 255],
        [  0,   0,   0, 255]
      ],
      "dashed": false,
      "thickness": 1.5
    },
    "indirect": {
      "active": true,
      "colors": [
        [255, 191,   0, 255],
        [  0, 255,   0, 255],
        [255,   0,   0, 255],
        [  0,   0, 255, 255]
      ],
      "dashed": true,
      "thickness": 1.75
    },
    "obstructedAttackerSide": {
      "active": false,
      "colors": [
        [  0,  64, 255, 255],
        [  0,   0, 255, 255],
        [  0, 255,   0, 255],
        [255,   0,   0, 255]
      ],
      "dashed": false,
      "thickness": 1
    },
    "obstructedTargetSide": {
      "active": true,
      "colors": [
        [100,  50,  25, 255],
        [255,   0,   0, 255],
        [  0,   0, 255, 255],
        [  0, 255,   0, 255]
      ],
      "dashed": false,
      "thickness": 1.5
    }
  }
}