{
   "Version" : 1,
   "Description" : {
      "Id" : "vehicledef_CARRIER_WEAPON_A",
      "Name" : "Hover Scout",
      "Details" : "",
      "Icon" : "",
      "Cost" : 993,
      "Rarity" : 3,
      "Purchasable" : false
   },
   "ChassisID" : "vehiclechassisdef_CARRIER_WEAPON_A",
   "VehicleTags": {
        "items" : [
            "unit_vehicle",
            "unit_light",
            "unit_wheels",
            "unit_release"
        ],
      "tagSetSourceFile": ""
   },
   "Locations" : [
		{
			"Location" : "Front",
			"CurrentArmor" : 35,
			"CurrentInternalStructure" : 15,
			"AssignedArmor" : 35,
			"DamageLevel" : "Functional"
		},
		{
			"Location" : "Left",
			"CurrentArmor" : 30,
			"CurrentInternalStructure" : 15,
			"AssignedArmor" : 30,
			"DamageLevel" : "Functional"
		},
		{
			"Location" : "Right",
			"CurrentArmor" : 30,
			"CurrentInternalStructure" : 15,
			"AssignedArmor" : 30,
			"DamageLevel" : "Functional"
		},
		{
			"Location" : "Rear",
			"CurrentArmor" : 35,
			"CurrentInternalStructure" : 15,
			"AssignedArmor" : 35,
			"DamageLevel" : "Functional"
		},
		{
			"Location" : "Turret",
			"CurrentArmor" : 30,
			"CurrentInternalStructure" : 15,
			"AssignedArmor" : 30,
			"DamageLevel" : "Functional"
		}
   ],
   "inventory" : [
      {
         "ComponentDefID" : "Weapon_Laser_LargeLaser_0-STOCK",
         "ComponentDefType" : "Weapon",
         "MountedLocation" : "Turret",
         "HardpointSlot" : 0,
         "DamageLevel" : "Functional"
      }
   ]
}
