{
  "Version" : 1,
  "Description" : {
     "Id" : "vehicledef_AXEL",
     "Name" : "Axel Mk1",
     "Details" : "",
     "Icon" : "",
     "Cost" : 993,
     "Rarity" : 2,
     "Purchasable" : false
  },
  "ChassisID" : "vehiclechassisdef_AXEL",
  "VehicleTags": {
     "items": [
        "unit_vehicle",
        "unit_heavy",
        "unit_tracks"
     ],
     "tagSetSourceFile": ""
  },
  "Locations" : [
   {
     "Location" : "Front",
     "CurrentArmor" : 180,
     "CurrentInternalStructure" : 35,
     "AssignedArmor" : 180,
     "DamageLevel" : "Functional"
   },
   {
     "Location" : "Left",
     "CurrentArmor" : 180,
     "CurrentInternalStructure" : 35,
     "AssignedArmor" : 180,
     "DamageLevel" : "Functional"
   },
   {
     "Location" : "Right",
     "CurrentArmor" : 180,
     "CurrentInternalStructure" : 35,
     "AssignedArmor" : 180,
     "DamageLevel" : "Functional"
   },
   {
     "Location" : "Rear",
     "CurrentArmor" : 120,
     "CurrentInternalStructure" : 35,
     "AssignedArmor" : 120,
     "DamageLevel" : "Functional"
   },
   {
     "Location" : "Turret",
     "CurrentArmor" : 180,
     "CurrentInternalStructure" : 35,
     "AssignedArmor" : 180,
     "DamageLevel" : "Functional"
   }
  ],
  "inventory" : [
     {
        "ComponentDefID" : "Weapon_Autocannon_AC20_0-STOCK",
        "ComponentDefType" : "Weapon",
        "MountedLocation" : "Turret",
        "HardpointSlot" : 0,
        "DamageLevel" : "Functional"
     },
     {
        "ComponentDefID" : "Weapon_LRM_LRM10_0-STOCK",
        "ComponentDefType" : "Weapon",
        "MountedLocation" : "Turret",
        "HardpointSlot" : 1,
        "DamageLevel" : "Functional"
     },
     {
       "ComponentDefID" : "Weapon_MachineGun_MachineGun_0-STOCK",
       "ComponentDefType" : "Weapon",
       "MountedLocation" : "Turret",
       "HardpointSlot" : 2,
       "DamageLevel" : "Functional"
     },
     {
       "ComponentDefID" : "Weapon_MachineGun_MachineGun_0-STOCK",
       "ComponentDefType" : "Weapon",
       "MountedLocation" : "Front",
       "HardpointSlot" : 0,
       "DamageLevel" : "Functional"
     },
     {
       "ComponentDefID" : "Ammo_AmmunitionBox_Generic_MG_Half",
       "ComponentDefType" : "AmmunitionBox",
       "MountedLocation" : "Front",
       "HardpointSlot" : -1,
       "DamageLevel" : "Functional"
     },
     {
        "ComponentDefID" : "Ammo_AmmunitionBox_Generic_LRM",
        "ComponentDefType" : "AmmunitionBox",
        "MountedLocation" : "Front",
        "HardpointSlot" : -1,
        "DamageLevel" : "Functional"
     },
     {
        "ComponentDefID" : "Ammo_AmmunitionBox_Generic_LRM",
        "ComponentDefType" : "AmmunitionBox",
        "MountedLocation" : "Front",
        "HardpointSlot" : -1,
        "DamageLevel" : "Functional"
     },
     {
        "ComponentDefID" : "Ammo_AmmunitionBox_Generic_AC20",
        "ComponentDefType" : "AmmunitionBox",
        "MountedLocation" : "Front",
        "HardpointSlot" : -1,
        "DamageLevel" : "Functional"
     },
     {
        "ComponentDefID" : "Ammo_AmmunitionBox_Generic_AC20",
        "ComponentDefType" : "AmmunitionBox",
        "MountedLocation" : "Front",
        "HardpointSlot" : -1,
        "DamageLevel" : "Functional"
     },
     {
        "ComponentDefID" : "Ammo_AmmunitionBox_Generic_AC20",
        "ComponentDefType" : "AmmunitionBox",
        "MountedLocation" : "Front",
        "HardpointSlot" : -1,
        "DamageLevel" : "Functional"
     },
     {
        "ComponentDefID" : "Ammo_AmmunitionBox_Generic_AC20",
        "ComponentDefType" : "AmmunitionBox",
        "MountedLocation" : "Front",
        "HardpointSlot" : -1,
        "DamageLevel" : "Functional"
     }
  ]
}
