{
   "Version" : 1,
   "Description" : {
      "Id" : "vehicledef_APC_Maxim_SRM4",
      "Name" : "Maxim APC SRM4",
      "Details" : "",
      "Icon" : "",
      "Cost" : 993,
      "Rarity" : 3,
      "Purchasable" : false
   },
   "ChassisID" : "vehiclechassisdef_APC_Maxim_SRM4",
   "VehicleTags": {
        "items" : [
            "unit_vehicle",
            "unit_medium",
            "unit_wheels",
            "unit_noncombatant",
            "unit_vehicle_apc",
            "unit_release"
        ],
      "tagSetSourceFile": ""
   },
   "Locations" : [
		{
			"Location" : "Front",
			"CurrentArmor" : 100,
			"CurrentInternalStructure" : 25,
			"AssignedArmor" : 100,
			"DamageLevel" : "Functional"
		},
		{
			"Location" : "Left",
			"CurrentArmor" : 100,
			"CurrentInternalStructure" : 25,
			"AssignedArmor" : 100,
			"DamageLevel" : "Functional"
		},
		{
			"Location" : "Right",
			"CurrentArmor" : 100,
			"CurrentInternalStructure" : 25,
			"AssignedArmor" : 100,
			"DamageLevel" : "Functional"
		},
		{
			"Location" : "Rear",
			"CurrentArmor" : 60,
			"CurrentInternalStructure" : 25,
			"AssignedArmor" : 60,
			"DamageLevel" : "Functional"
		},
		{
			"Location" : "Turret",
			"CurrentArmor" : 80,
			"CurrentInternalStructure" : 25,
			"AssignedArmor" : 80,
			"DamageLevel" : "Functional"
		}
   ],
   "inventory" : [
      {
         "ComponentDefID" : "Weapon_SRM_SRM4_0-STOCK",
         "ComponentDefType" : "Weapon",
         "MountedLocation" : "Front",
         "HardpointSlot" : 0,
         "DamageLevel" : "Functional"
      },
      {
         "ComponentDefID" : "Ammo_AmmunitionBox_Generic_SRM",
         "ComponentDefType" : "AmmunitionBox",
         "MountedLocation" : "Front",
         "HardpointSlot" : -1,
         "DamageLevel" : "Functional"
      },
      {
         "ComponentDefID" : "Ammo_AmmunitionBox_Generic_SRM",
         "ComponentDefType" : "AmmunitionBox",
         "MountedLocation" : "Front",
         "HardpointSlot" : -1,
         "DamageLevel" : "Functional"
      },
      {
         "ComponentDefID" : "Ammo_AmmunitionBox_Generic_SRM",
         "ComponentDefType" : "AmmunitionBox",
         "MountedLocation" : "Front",
         "HardpointSlot" : -1,
         "DamageLevel" : "Functional"
      },
      {
         "ComponentDefID" : "Ammo_AmmunitionBox_Generic_SRM",
         "ComponentDefType" : "AmmunitionBox",
         "MountedLocation" : "Front",
         "HardpointSlot" : -1,
         "DamageLevel" : "Functional"
      },
      {
         "ComponentDefID" : "Ammo_AmmunitionBox_Generic_SRM",
         "ComponentDefType" : "AmmunitionBox",
         "MountedLocation" : "Front",
         "HardpointSlot" : -1,
         "DamageLevel" : "Functional"
      },
      {
         "ComponentDefID" : "Ammo_AmmunitionBox_Generic_MG",
         "ComponentDefType" : "AmmunitionBox",
         "MountedLocation" : "Front",
         "HardpointSlot" : -1,
         "DamageLevel" : "Functional"
      },
      {
         "ComponentDefID" : "Weapon_SRM_SRM2_0-STOCK",
         "ComponentDefType" : "Weapon",
         "MountedLocation" : "Right",
         "HardpointSlot" : 0,
         "DamageLevel" : "Functional"
      },
      {
         "ComponentDefID" : "Weapon_SRM_SRM2_0-STOCK",
         "ComponentDefType" : "Weapon",
         "MountedLocation" : "Left",
         "HardpointSlot" : 0,
         "DamageLevel" : "Functional"
      },
      {
         "ComponentDefID" : "Weapon_SRM_SRM4_0-STOCK",
         "ComponentDefType" : "Weapon",
         "MountedLocation" : "Rear",
         "HardpointSlot" : 0,
         "DamageLevel" : "Functional"
      },
      {
         "ComponentDefID" : "Weapon_SRM_SRM6_0-STOCK",
         "ComponentDefType" : "Weapon",
         "MountedLocation" : "Turret",
         "HardpointSlot" : 0,
         "DamageLevel" : "Functional"
      },
      {
         "ComponentDefID" : "Weapon_MachineGun_MachineGun_0-STOCK",
         "ComponentDefType" : "Weapon",
         "MountedLocation" : "Turret",
         "HardpointSlot" : 1,
         "DamageLevel" : "Functional"
      },
      {
         "ComponentDefID" : "Weapon_MachineGun_MachineGun_0-STOCK",
         "ComponentDefType" : "Weapon",
         "MountedLocation" : "Turret",
         "HardpointSlot" : 2,
         "DamageLevel" : "Functional"
      },
      {
         "ComponentDefID" : "Weapon_MachineGun_MachineGun_0-STOCK",
         "ComponentDefType" : "Weapon",
         "MountedLocation" : "Turret",
         "HardpointSlot" : 3,
         "DamageLevel" : "Functional"
      }
   ]
}
