{
   "Version" : 1,
   "Description" : {
      "Id" : "vehicledef_SABAKUKAZE",
      "Name" : "Sabaku Kaze",
      "Details" : "",
      "Icon" : "",
      "Cost" : 993,
      "Rarity" : 3,
      "Purchasable" : false
   },
   "ChassisID" : "vehiclechassisdef_SABAKUKAZE",
   "VehicleTags": {
        "items" : [
            "unit_vehicle",
            "unit_medium",
            "unit_wheels",
            "unit_release"
        ],
      "tagSetSourceFile": ""
   },
   "Locations" : [
		{
			"Location" : "Front",
			"CurrentArmor" : 175,
			"CurrentInternalStructure" : 25,
			"AssignedArmor" : 175,
			"DamageLevel" : "Functional"
		},
		{
			"Location" : "Left",
			"CurrentArmor" : 135,
			"CurrentInternalStructure" : 25,
			"AssignedArmor" : 135,
			"DamageLevel" : "Functional"
		},
		{
			"Location" : "Right",
			"CurrentArmor" : 135,
			"CurrentInternalStructure" : 25,
			"AssignedArmor" : 135,
			"DamageLevel" : "Functional"
		},
		{
			"Location" : "Rear",
			"CurrentArmor" : 100,
			"CurrentInternalStructure" : 25,
			"AssignedArmor" : 100,
			"DamageLevel" : "Functional"
		},
		{
			"Location" : "Turret",
			"CurrentArmor" : 135,
			"CurrentInternalStructure" : 25,
			"AssignedArmor" : 135,
			"DamageLevel" : "Functional"
		}
   ],
   "inventory" : [
      {
         "ComponentDefID" : "Weapon_SRM_SRM4_0-STOCK",
         "ComponentDefType" : "Weapon",
         "MountedLocation" : "Front",
         "HardpointSlot" : 0,
         "DamageLevel" : "Functional"
      },
      {
         "ComponentDefID" : "Ammo_AmmunitionBox_Generic_SRM",
         "ComponentDefType" : "AmmunitionBox",
         "MountedLocation" : "Front",
         "HardpointSlot" : -1,
         "DamageLevel" : "Functional"
      },
      {
         "ComponentDefID" : "Weapon_Laser_SmallLaser_0-STOCK",
         "ComponentDefType" : "Weapon",
         "MountedLocation" : "Turret",
         "HardpointSlot" : 0,
         "DamageLevel" : "Functional"
      },
      {
         "ComponentDefID" : "Weapon_Laser_SmallLaser_0-STOCK",
         "ComponentDefType" : "Weapon",
         "MountedLocation" : "Turret",
         "HardpointSlot" : 1,
         "DamageLevel" : "Functional"
      },
      {
         "ComponentDefID" : "Weapon_Laser_MediumLaser_0-STOCK",
         "ComponentDefType" : "Weapon",
         "MountedLocation" : "Turret",
         "HardpointSlot" : 2,
         "DamageLevel" : "Functional"
      },
      {
         "ComponentDefID" : "Weapon_Laser_MediumLaser_0-STOCK",
         "ComponentDefType" : "Weapon",
         "MountedLocation" : "Turret",
         "HardpointSlot" : 3,
         "DamageLevel" : "Functional"
      },
      {
         "ComponentDefID" : "Weapon_Laser_MediumLaser_0-STOCK",
         "ComponentDefType" : "Weapon",
         "MountedLocation" : "Turret",
         "HardpointSlot" : 4,
         "DamageLevel" : "Functional"
      },
      {
         "ComponentDefID" : "Weapon_Laser_MediumLaser_0-STOCK",
         "ComponentDefType" : "Weapon",
         "MountedLocation" : "Turret",
         "HardpointSlot" : 5,
         "DamageLevel" : "Functional"
      },
      {
         "ComponentDefID" : "Weapon_SRM_SRM4_0-STOCK",
         "ComponentDefType" : "Weapon",
         "MountedLocation" : "Rear",
         "HardpointSlot" : 0,
         "DamageLevel" : "Functional"
      },
   ]
}
