{
   "Version" : 1,
   "Description" : {
      "Id" : "vehicledef_TOKUGAWA_TKG-150",
      "Name" : "Tokugawa TKG-150",
      "Details" : "",
      "Icon" : "",
      "Cost" : 973,
      "Rarity" : 1,
      "Purchasable" : false
   },
   "ChassisID" : "vehiclechassisdef_TOKUGAWA_TKG-150",
   "VehicleTags": {
      "items": [
         "unit_vehicle",
         "unit_heavy",
         "unit_wheels"
      ],
      "tagSetSourceFile": ""
   },
   "Locations" : [
		{
			"Location" : "Front",
			"CurrentArmor" : 200,
			"CurrentInternalStructure" : 30,
			"AssignedArmor" : 200,
			"DamageLevel" : "Functional"
		},
		{
			"Location" : "Left",
			"CurrentArmor" : 165,
			"CurrentInternalStructure" : 30,
			"AssignedArmor" : 165,
			"DamageLevel" : "Functional"
		},
		{
			"Location" : "Right",
			"CurrentArmor" : 165,
			"CurrentInternalStructure" : 30,
			"AssignedArmor" : 165,
			"DamageLevel" : "Functional"
		},
		{
			"Location" : "Rear",
			"CurrentArmor" : 130,
			"CurrentInternalStructure" : 30,
			"AssignedArmor" : 130,
			"DamageLevel" : "Functional"
		},
		{
			"Location" : "Turret",
			"CurrentArmor" : 180,
			"CurrentInternalStructure" : 30,
			"AssignedArmor" : 180,
			"DamageLevel" : "Functional"
		}
   ],
   "inventory" : [
      {
         "ComponentDefID" : "Weapon_Autocannon_AC10_0-STOCK",
         "ComponentDefType" : "Weapon",
         "MountedLocation" : "Turret",
         "HardpointSlot" : 0,
         "DamageLevel" : "Functional"
      },
      {
         "ComponentDefID" : "Weapon_SRM_SRM6_0-STOCK",
         "ComponentDefType" : "Weapon",
         "MountedLocation" : "Turret",
         "HardpointSlot" : 1,
         "DamageLevel" : "Functional"
      },
      {
         "ComponentDefID" : "Weapon_MachineGun_MachineGun_0-STOCK",
         "ComponentDefType" : "Weapon",
         "MountedLocation" : "Front",
         "HardpointSlot" : 0,
         "DamageLevel" : "Functional"
      },
      {
         "ComponentDefID" : "Ammo_AmmunitionBox_Generic_SRM",
         "ComponentDefType" : "AmmunitionBox",
         "MountedLocation" : "Front",
         "HardpointSlot" : -1,
         "DamageLevel" : "Functional"
      },
      {
         "ComponentDefID" : "Ammo_AmmunitionBox_Generic_AC10",
         "ComponentDefType" : "AmmunitionBox",
         "MountedLocation" : "Front",
         "HardpointSlot" : -1,
         "DamageLevel" : "Functional"
      },
      {
         "ComponentDefID" : "Ammo_AmmunitionBox_Generic_AC10",
         "ComponentDefType" : "AmmunitionBox",
         "MountedLocation" : "Front",
         "HardpointSlot" : -1,
         "DamageLevel" : "Functional"
      },
      {
         "ComponentDefID" : "Ammo_AmmunitionBox_Generic_MG_Half",
         "ComponentDefType" : "AmmunitionBox",
         "MountedLocation" : "Front",
         "HardpointSlot" : -1,
         "DamageLevel" : "Functional"
      }
   ]
}
