{
   "Version" : 1,
   "Description" : {
      "Id" : "vehicledef_ONTOS_FUSION",
      "Name" : "Ontos Fusion",
      "Details" : "",
      "Icon" : "",
      "Cost" : 973,
      "Rarity" : 1,
      "Purchasable" : false
   },
   "ChassisID" : "vehiclechassisdef_ONTOS_FUSION",
   "VehicleTags": {
      "items": [
         "unit_vehicle",
         "unit_assault",
         "unit_tracks"
      ],
      "tagSetSourceFile": ""
   },
   "Locations" : [
		{
			"Location" : "Front",
			"CurrentArmor" : 200,
			"CurrentInternalStructure" : 50,
			"AssignedArmor" : 200,
			"DamageLevel" : "Functional"
		},
		{
			"Location" : "Left",
			"CurrentArmor" : 175,
			"CurrentInternalStructure" : 50,
			"AssignedArmor" : 175,
			"DamageLevel" : "Functional"
		},
		{
			"Location" : "Right",
			"CurrentArmor" : 175,
			"CurrentInternalStructure" : 50,
			"AssignedArmor" : 175,
			"DamageLevel" : "Functional"
		},
		{
			"Location" : "Rear",
			"CurrentArmor" : 170,
			"CurrentInternalStructure" : 50,
			"AssignedArmor" : 170,
			"DamageLevel" : "Functional"
		},
		{
			"Location" : "Turret",
			"CurrentArmor" : 200,
			"CurrentInternalStructure" : 50,
			"AssignedArmor" : 200,
			"DamageLevel" : "Functional"
		}
   ],
   "inventory" : [
      {
         "ComponentDefID" : "Weapon_LRM_LRM10_0-STOCK",
         "ComponentDefType" : "Weapon",
         "MountedLocation" : "Turret",
         "HardpointSlot" : 0,
         "DamageLevel" : "Functional"
      },
      {
         "ComponentDefID" : "Weapon_LRM_LRM10_0-STOCK",
         "ComponentDefType" : "Weapon",
         "MountedLocation" : "Turret",
         "HardpointSlot" : 1,
         "DamageLevel" : "Functional"
      },
      {
         "ComponentDefID" : "Weapon_Laser_MediumLaser_0-STOCK",
         "ComponentDefType" : "Weapon",
         "MountedLocation" : "Turret",
         "HardpointSlot" : 2,
         "DamageLevel" : "Functional"
      },
      {
         "ComponentDefID" : "Weapon_Laser_MediumLaser_0-STOCK",
         "ComponentDefType" : "Weapon",
         "MountedLocation" : "Turret",
         "HardpointSlot" : 3,
         "DamageLevel" : "Functional"
      },
      {
         "ComponentDefID" : "Weapon_Laser_MediumLaser_0-STOCK",
         "ComponentDefType" : "Weapon",
         "MountedLocation" : "Turret",
         "HardpointSlot" : 4,
         "DamageLevel" : "Functional"
      },
      {
         "ComponentDefID" : "Weapon_Laser_MediumLaser_0-STOCK",
         "ComponentDefType" : "Weapon",
         "MountedLocation" : "Turret",
         "HardpointSlot" : 5,
         "DamageLevel" : "Functional"
      },
      {
         "ComponentDefID" : "Weapon_Laser_MediumLaser_0-STOCK",
         "ComponentDefType" : "Weapon",
         "MountedLocation" : "Turret",
         "HardpointSlot" : 6,
         "DamageLevel" : "Functional"
      },
      {
         "ComponentDefID" : "Weapon_Laser_MediumLaser_0-STOCK",
         "ComponentDefType" : "Weapon",
         "MountedLocation" : "Turret",
         "HardpointSlot" : 7,
         "DamageLevel" : "Functional"
      },
      {
         "ComponentDefID" : "Weapon_Laser_MediumLaser_0-STOCK",
         "ComponentDefType" : "Weapon",
         "MountedLocation" : "Turret",
         "HardpointSlot" : 8,
         "DamageLevel" : "Functional"
      },
      {
         "ComponentDefID" : "Weapon_Laser_MediumLaser_0-STOCK",
         "ComponentDefType" : "Weapon",
         "MountedLocation" : "Turret",
         "HardpointSlot" : 9,
         "DamageLevel" : "Functional"
      },
      {
         "ComponentDefID" : "Weapon_Laser_MediumLaser_0-STOCK",
         "ComponentDefType" : "Weapon",
         "MountedLocation" : "Turret",
         "HardpointSlot" : 10,
         "DamageLevel" : "Functional"
      },
      {
         "ComponentDefID" : "Weapon_Laser_MediumLaser_0-STOCK",
         "ComponentDefType" : "Weapon",
         "MountedLocation" : "Turret",
         "HardpointSlot" : 11,
         "DamageLevel" : "Functional"
      },
      {
         "ComponentDefID" : "Ammo_AmmunitionBox_Generic_LRM",
         "ComponentDefType" : "AmmunitionBox",
         "MountedLocation" : "Front",
         "HardpointSlot" : -1,
         "DamageLevel" : "Functional"
      },
      {
         "ComponentDefID" : "Ammo_AmmunitionBox_Generic_LRM",
         "ComponentDefType" : "AmmunitionBox",
         "MountedLocation" : "Front",
         "HardpointSlot" : -1,
         "DamageLevel" : "Functional"
      }
   ]
}
