{
   "Version" : 1,
   "Description" : {
      "Id" : "vehicledef_VONLUCKNER_VNL-K70",
      "Name" : "Von Luckner VNL-K70",
      "Details" : "",
      "Icon" : "",
      "Cost" : 973,
      "Rarity" : 1,
      "Purchasable" : false
   },
   "ChassisID" : "vehiclechassisdef_VONLUCKNER_VNL-K70",
   "VehicleTags": {
      "items": [
         "unit_vehicle",
         "unit_heavy",
         "unit_tracks"
      ],
      "tagSetSourceFile": ""
   },
   "Locations" : [
		{
			"Location" : "Front",
			"CurrentArmor" : 205,
			"CurrentInternalStructure" : 40,
			"AssignedArmor" : 205,
			"DamageLevel" : "Functional"
		},
		{
			"Location" : "Left",
			"CurrentArmor" : 150,
			"CurrentInternalStructure" : 40,
			"AssignedArmor" : 150,
			"DamageLevel" : "Functional"
		},
		{
			"Location" : "Right",
			"CurrentArmor" : 150,
			"CurrentInternalStructure" : 40,
			"AssignedArmor" : 150,
			"DamageLevel" : "Functional"
		},
		{
			"Location" : "Rear",
			"CurrentArmor" : 150,
			"CurrentInternalStructure" : 40,
			"AssignedArmor" : 150,
			"DamageLevel" : "Functional"
		},
		{
			"Location" : "Turret",
			"CurrentArmor" : 225,
			"CurrentInternalStructure" : 40,
			"AssignedArmor" : 225,
			"DamageLevel" : "Functional"
		}
   ],
   "inventory" : [
      {
         "ComponentDefID" : "Weapon_SRM_SRM4_0-STOCK",
         "ComponentDefType" : "Weapon",
         "MountedLocation" : "Turret",
         "HardpointSlot" : 0,
         "DamageLevel" : "Functional"
      },
      {
         "ComponentDefID" : "Weapon_PPC_PPC_0-STOCK",
         "ComponentDefType" : "Weapon",
         "MountedLocation" : "Turret",
         "HardpointSlot" : 1,
         "DamageLevel" : "Functional"
      },
      {
         "ComponentDefID" : "Weapon_Autocannon_AC10_0-STOCK",
         "ComponentDefType" : "Weapon",
         "MountedLocation" : "Turret",
         "HardpointSlot" : 2,
         "DamageLevel" : "Functional"
      },
      {
         "ComponentDefID" : "Weapon_MachineGun_MachineGun_0-STOCK",
         "ComponentDefType" : "Weapon",
         "MountedLocation" : "Turret",
         "HardpointSlot" : 3,
         "DamageLevel" : "Functional"
      },
      {
         "ComponentDefID" : "Weapon_Flamer_Flamer_0-STOCK",
         "ComponentDefType" : "Weapon",
         "MountedLocation" : "Front",
         "HardpointSlot" : 0,
         "DamageLevel" : "Functional"
      },
      {
         "ComponentDefID" : "Ammo_AmmunitionBox_Generic_AC10",
         "ComponentDefType" : "AmmunitionBox",
         "MountedLocation" : "Front",
         "HardpointSlot" : -1,
         "DamageLevel" : "Functional"
      },
      {
         "ComponentDefID" : "Ammo_AmmunitionBox_Generic_AC10",
         "ComponentDefType" : "AmmunitionBox",
         "MountedLocation" : "Front",
         "HardpointSlot" : -1,
         "DamageLevel" : "Functional"
      },
      {
         "ComponentDefID" : "Ammo_AmmunitionBox_Generic_MG_Half",
         "ComponentDefType" : "AmmunitionBox",
         "MountedLocation" : "Front",
         "HardpointSlot" : -1,
         "DamageLevel" : "Functional"
      },
      {
         "ComponentDefID" : "Ammo_AmmunitionBox_Generic_LRM",
         "ComponentDefType" : "AmmunitionBox",
         "MountedLocation" : "Front",
         "HardpointSlot" : -1,
         "DamageLevel" : "Functional"
      },
      {
         "ComponentDefID" : "Ammo_AmmunitionBox_Generic_SRM",
         "ComponentDefType" : "AmmunitionBox",
         "MountedLocation" : "Front",
         "HardpointSlot" : -1,
         "DamageLevel" : "Functional"
      },
      {
         "ComponentDefID" : "Weapon_LRM_LRM10_0-STOCK",
         "ComponentDefType" : "Weapon",
         "MountedLocation" : "Rear",
         "HardpointSlot" : 0,
         "DamageLevel" : "Functional"
      }
   ]
}
