{
   "Version" : 1,
   "Description" : {
      "Id" : "vehicledef_HARASSER",
      "Name" : "Harasser",
      "Details" : "",
      "Icon" : "",
      "Cost" : 993,
      "Rarity" : 3,
      "Purchasable" : false
   },
   "ChassisID" : "vehiclechassisdef_HARASSER",
   "VehicleTags": {
        "items" : [
            "unit_vehicle",
            "unit_light",
            "unit_wheels",
            "unit_release"
        ],
      "tagSetSourceFile": ""
   },
   "Locations" : [
		{
			"Location" : "Front",
			"CurrentArmor" : 25,
			"CurrentInternalStructure" : 15,
			"AssignedArmor" : 25,
			"DamageLevel" : "Functional"
		},
		{
			"Location" : "Left",
			"CurrentArmor" : 25,
			"CurrentInternalStructure" : 15,
			"AssignedArmor" : 25,
			"DamageLevel" : "Functional"
		},
		{
			"Location" : "Right",
			"CurrentArmor" : 25,
			"CurrentInternalStructure" : 15,
			"AssignedArmor" : 25,
			"DamageLevel" : "Functional"
		},
		{
			"Location" : "Rear",
			"CurrentArmor" : 20,
			"CurrentInternalStructure" : 15,
			"AssignedArmor" : 20,
			"DamageLevel" : "Functional"
		},
		{
			"Location" : "Turret",
			"CurrentArmor" : 25,
			"CurrentInternalStructure" : 15,
			"AssignedArmor" : 25,
			"DamageLevel" : "Functional"
		}
   ],
   "inventory" : [
      {
         "ComponentDefID" : "Weapon_SRM_SRM6_0-STOCK",
         "ComponentDefType" : "Weapon",
         "MountedLocation" : "Turret",
         "HardpointSlot" : 0,
         "DamageLevel" : "Functional"
      },
      {
         "ComponentDefID" : "Weapon_SRM_SRM6_0-STOCK",
         "ComponentDefType" : "Weapon",
         "MountedLocation" : "Turret",
         "HardpointSlot" : 1,
         "DamageLevel" : "Functional"
      },
      {
         "ComponentDefID" : "Ammo_AmmunitionBox_Generic_SRM",
         "ComponentDefType" : "AmmunitionBox",
         "MountedLocation" : "Front",
         "HardpointSlot" : -1,
         "DamageLevel" : "Functional"
      },
      {
         "ComponentDefID" : "Ammo_AmmunitionBox_Generic_SRM",
         "ComponentDefType" : "AmmunitionBox",
         "MountedLocation" : "Front",
         "HardpointSlot" : -1,
         "DamageLevel" : "Functional"
      }
   ]
}
