{
   "Version" : 1,
   "Description" : {
      "Id" : "vehicledef_PIKE_MISSILE",
      "Name" : "Pike Missile",
      "Details" : "",
      "Icon" : "",
      "Cost" : 993,
      "Rarity" : 4,
      "Purchasable" : false
   },
   "ChassisID" : "vehiclechassisdef_PIKE_MISSILE",
   "VehicleTags": {
      "items": [
         "unit_vehicle",
         "unit_heavy",
         "unit_tracks"
      ],
      "tagSetSourceFile": ""
   },
   "Locations" : [
		{
			"Location" : "Front",
			"CurrentArmor" :165,
			"CurrentInternalStructure" : 30,
			"AssignedArmor" : 165,
			"DamageLevel" : "Functional"
		},
		{
			"Location" : "Left",
			"CurrentArmor" : 125,
			"CurrentInternalStructure" : 30,
			"AssignedArmor" : 125,
			"DamageLevel" : "Functional"
		},
		{
			"Location" : "Right",
			"CurrentArmor" : 125,
			"CurrentInternalStructure" : 30,
			"AssignedArmor" : 125,
			"DamageLevel" : "Functional"
		},
		{
			"Location" : "Rear",
			"CurrentArmor" : 125,
			"CurrentInternalStructure" : 30,
			"AssignedArmor" : 125,
			"DamageLevel" : "Functional"
		},
		{
			"Location" : "Turret",
			"CurrentArmor" : 180,
			"CurrentInternalStructure" : 30,
			"AssignedArmor" : 180,
			"DamageLevel" : "Functional"
		}
   ],
   "inventory" : [
      {
         "ComponentDefID" : "Weapon_LRM_LRM20_0-STOCK",
         "ComponentDefType" : "Weapon",
         "MountedLocation" : "Turret",
		 "HardpointSlot" : 0,
		 "DamageLevel" : "Functional"
      },
      {
         "ComponentDefID" : "Weapon_LRM_LRM20_0-STOCK",
         "ComponentDefType" : "Weapon",
         "MountedLocation" : "Turret",
		 "HardpointSlot" : 1,
		 "DamageLevel" : "Functional"
      },
      {
         "ComponentDefID" : "Weapon_SRM_SRM2_0-STOCK",
         "ComponentDefType" : "Weapon",
         "MountedLocation" : "Front",
		 "HardpointSlot" : 0,
		 "DamageLevel" : "Functional"
      },
      {
         "ComponentDefID" : "Weapon_SRM_SRM2_0-STOCK",
         "ComponentDefType" : "Weapon",
         "MountedLocation" : "Front",
		 "HardpointSlot" : 1,
		 "DamageLevel" : "Functional"
      },
      {
         "ComponentDefID" : "Ammo_AmmunitionBox_Generic_LRM",
         "ComponentDefType" : "AmmunitionBox",
         "MountedLocation" : "Front",
         "HardpointSlot" : -1,
         "DamageLevel" : "Functional"
      },
      {
         "ComponentDefID" : "Ammo_AmmunitionBox_Generic_LRM",
         "ComponentDefType" : "AmmunitionBox",
         "MountedLocation" : "Front",
         "HardpointSlot" : -1,
         "DamageLevel" : "Functional"
      },
      {
         "ComponentDefID" : "Ammo_AmmunitionBox_Generic_LRM",
         "ComponentDefType" : "AmmunitionBox",
         "MountedLocation" : "Front",
         "HardpointSlot" : -1,
         "DamageLevel" : "Functional"
      },
      {
         "ComponentDefID" : "Ammo_AmmunitionBox_Generic_SRM",
         "ComponentDefType" : "AmmunitionBox",
         "MountedLocation" : "Front",
         "HardpointSlot" : -1,
         "DamageLevel" : "Functional"
      }
   ]
}
