{
  "Version" : 1,
  "Description" : {
     "Id" : "vehicledef_HUNTER_AMMO",
     "Name" : "Hunter Ammo",
     "Details" : "",
     "Icon" : "",
     "Cost" : 993,
     "Rarity" : 2,
     "Purchasable" : false
  },
  "ChassisID" : "vehiclechassisdef_HUNTER_AMMO",
  "VehicleTags": {
     "items": [
        "unit_vehicle",
        "unit_light",
        "unit_tracks"
     ],
     "tagSetSourceFile": ""
  },
  "Locations" : [
   {
     "Location" : "Front",
     "CurrentArmor" : 160,
     "CurrentInternalStructure" : 20,
     "AssignedArmor" : 160,
     "DamageLevel" : "Functional"
   },
   {
     "Location" : "Left",
     "CurrentArmor" : 120,
     "CurrentInternalStructure" : 20,
     "AssignedArmor" : 120,
     "DamageLevel" : "Functional"
   },
   {
     "Location" : "Right",
     "CurrentArmor" : 120,
     "CurrentInternalStructure" : 20,
     "AssignedArmor" : 120,
     "DamageLevel" : "Functional"
   },
   {
     "Location" : "Rear",
     "CurrentArmor" : 80,
     "CurrentInternalStructure" : 20,
     "AssignedArmor" : 80,
     "DamageLevel" : "Functional"
   }
  ],
  "inventory" : [
     {
        "ComponentDefID" : "Weapon_LRM_LRM20_0-STOCK",
        "ComponentDefType" : "Weapon",
        "MountedLocation" : "Front",
        "HardpointSlot" : 0,
        "DamageLevel" : "Functional"
     },
     {
        "ComponentDefID" : "Ammo_AmmunitionBox_Generic_LRM",
        "ComponentDefType" : "AmmunitionBox",
        "MountedLocation" : "Front",
        "HardpointSlot" : -1,
        "DamageLevel" : "Functional"
     },
     {
        "ComponentDefID" : "Ammo_AmmunitionBox_Generic_LRM",
        "ComponentDefType" : "AmmunitionBox",
        "MountedLocation" : "Front",
        "HardpointSlot" : -1,
        "DamageLevel" : "Functional"
     },
     {
        "ComponentDefID" : "Ammo_AmmunitionBox_Generic_LRM",
        "ComponentDefType" : "AmmunitionBox",
        "MountedLocation" : "Front",
        "HardpointSlot" : -1,
        "DamageLevel" : "Functional"
     }
  ]
}
