{
   "Version" : 1,
   "Description" : {
      "Id" : "vehicledef_PROWLER_SW",
      "Name" : "Prowler SW",
      "Details" : "",
      "Icon" : "",
      "Cost" : 993,
      "Rarity" : 4,
      "Purchasable" : false
   },
   "ChassisID" : "vehiclechassisdef_PROWLER_SW",
   "VehicleTags": {
      "items": [
         "unit_vehicle",
         "unit_medium",
         "unit_tracks"
      ],
      "tagSetSourceFile": ""
   },
   "Locations" : [
		{
			"Location" : "Front",
			"CurrentArmor" :125,
			"CurrentInternalStructure" : 30,
			"AssignedArmor" : 125,
			"DamageLevel" : "Functional"
		},
		{
			"Location" : "Left",
			"CurrentArmor" : 115,
			"CurrentInternalStructure" : 30,
			"AssignedArmor" : 115,
			"DamageLevel" : "Functional"
		},
		{
			"Location" : "Right",
			"CurrentArmor" : 115,
			"CurrentInternalStructure" : 30,
			"AssignedArmor" : 115,
			"DamageLevel" : "Functional"
		},
		{
			"Location" : "Rear",
			"CurrentArmor" : 90,
			"CurrentInternalStructure" : 30,
			"AssignedArmor" : 90,
			"DamageLevel" : "Functional"
		},
		{
			"Location" : "Turret",
			"CurrentArmor" : 115,
			"CurrentInternalStructure" : 30,
			"AssignedArmor" : 115,
			"DamageLevel" : "Functional"
		}
   ],
   "inventory" : [
      {
         "ComponentDefID" : "Weapon_LRM_LRM10_0-STOCK",
         "ComponentDefType" : "Weapon",
         "MountedLocation" : "Turret",
         "HardpointSlot" : 0,
         "DamageLevel" : "Functional"
      },
      {
         "ComponentDefID" : "Weapon_Laser_MediumLaser_0-STOCK",
         "ComponentDefType" : "Weapon",
         "MountedLocation" : "Turret",
         "HardpointSlot" : 1,
         "DamageLevel" : "Functional"
      },
      {
         "ComponentDefID" : "Weapon_Laser_MediumLaser_0-STOCK",
         "ComponentDefType" : "Weapon",
         "MountedLocation" : "Turret",
         "HardpointSlot" : 2,
         "DamageLevel" : "Functional"
      },
      {
         "ComponentDefID" : "Weapon_SRM_SRM2_0-STOCK",
         "ComponentDefType" : "Weapon",
         "MountedLocation" : "Front",
         "HardpointSlot" : 0,
         "DamageLevel" : "Functional"
      },
      {
         "ComponentDefID" : "Ammo_AmmunitionBox_Generic_LRM",
         "ComponentDefType" : "AmmunitionBox",
         "MountedLocation" : "Front",
         "HardpointSlot" : -1,
         "DamageLevel" : "Functional"
      },
      {
         "ComponentDefID" : "Ammo_AmmunitionBox_Generic_SRM",
         "ComponentDefType" : "AmmunitionBox",
         "MountedLocation" : "Front",
         "HardpointSlot" : -1,
         "DamageLevel" : "Functional"
      }
   ]
}
