{
   "Version" : 1,
   "Description" : {
      "Id" : "vehicledef_PEGASUS_UA",
      "Name" : "Pegasus",
      "Details" : "",
      "Icon" : "",
      "Cost" : 993,
      "Rarity" : 3,
      "Purchasable" : false
   },
   "ChassisID" : "vehiclechassisdef_PEGASUS_UA",
   "VehicleTags": {
        "items" : [
            "unit_vehicle",
            "unit_light",
            "unit_wheels",
						"unit_release",
						"unit_weaponless",
						"unit_noncombatant"
        ],
      "tagSetSourceFile": ""
   },
   "Locations" : [
		{
			"Location" : "Front",
			"CurrentArmor" : 130,
			"CurrentInternalStructure" : 20,
			"AssignedArmor" : 130,
			"DamageLevel" : "Functional"
		},
		{
			"Location" : "Left",
			"CurrentArmor" : 95,
			"CurrentInternalStructure" : 20,
			"AssignedArmor" : 95,
			"DamageLevel" : "Functional"
		},
		{
			"Location" : "Right",
			"CurrentArmor" : 95,
			"CurrentInternalStructure" : 20,
			"AssignedArmor" : 95,
			"DamageLevel" : "Functional"
		},
		{
			"Location" : "Rear",
			"CurrentArmor" : 95,
			"CurrentInternalStructure" : 20,
			"AssignedArmor" : 95,
			"DamageLevel" : "Functional"
		},
		{
			"Location" : "Turret",
			"CurrentArmor" : 105,
			"CurrentInternalStructure" : 20,
			"AssignedArmor" : 105,
			"DamageLevel" : "Functional"
		}
   ],
   "inventory" : []
}
