{
   "Version" : 1,
   "Description" : {
      "Id" : "vehicledef_PATTON",
      "Name" : "Patton",
      "Details" : "",
      "Icon" : "",
      "Cost" : 973,
      "Rarity" : 1,
      "Purchasable" : false
   },
   "ChassisID" : "vehiclechassisdef_PATTON",
   "VehicleTags": {
      "items": [
         "unit_vehicle",
         "unit_heavy",
         "unit_tracks"
      ],
      "tagSetSourceFile": ""
   },
   "Locations" : [
		{
			"Location" : "Front",
			"CurrentArmor" : 255,
			"CurrentInternalStructure" : 35,
			"AssignedArmor" : 255,
			"DamageLevel" : "Functional"
		},
		{
			"Location" : "Left",
			"CurrentArmor" : 230,
			"CurrentInternalStructure" : 35,
			"AssignedArmor" : 230,
			"DamageLevel" : "Functional"
		},
		{
			"Location" : "Right",
			"CurrentArmor" : 230,
			"CurrentInternalStructure" : 35,
			"AssignedArmor" : 230,
			"DamageLevel" : "Functional"
		},
		{
			"Location" : "Rear",
			"CurrentArmor" : 190,
			"CurrentInternalStructure" : 35,
			"AssignedArmor" : 190,
			"DamageLevel" : "Functional"
		},
		{
			"Location" : "Turret",
			"CurrentArmor" : 255,
			"CurrentInternalStructure" : 35,
			"AssignedArmor" : 255,
			"DamageLevel" : "Functional"
		}
   ],
   "inventory" : [
      {
         "ComponentDefID" : "Weapon_LRM_LRM5_0-STOCK",
         "ComponentDefType" : "Weapon",
         "MountedLocation" : "Turret",
         "HardpointSlot" : 0,
         "DamageLevel" : "Functional"
      },
      {
         "ComponentDefID" : "Weapon_Autocannon_AC10_0-STOCK",
         "ComponentDefType" : "Weapon",
         "MountedLocation" : "Turret",
         "HardpointSlot" : 1,
         "DamageLevel" : "Functional"
      },
      {
         "ComponentDefID" : "Weapon_Laser_SmallLaser_0-STOCK",
         "ComponentDefType" : "Weapon",
         "MountedLocation" : "Front",
         "HardpointSlot" : 0,
         "DamageLevel" : "Functional"
      },
      {
         "ComponentDefID" : "Ammo_AmmunitionBox_Generic_LRM",
         "ComponentDefType" : "AmmunitionBox",
         "MountedLocation" : "Front",
         "HardpointSlot" : -1,
         "DamageLevel" : "Functional"
      },
      {
         "ComponentDefID" : "Ammo_AmmunitionBox_Generic_AC10",
         "ComponentDefType" : "AmmunitionBox",
         "MountedLocation" : "Front",
         "HardpointSlot" : -1,
         "DamageLevel" : "Functional"
      },
      {
         "ComponentDefID" : "Ammo_AmmunitionBox_Generic_AC10",
         "ComponentDefType" : "AmmunitionBox",
         "MountedLocation" : "Front",
         "HardpointSlot" : -1,
         "DamageLevel" : "Functional"
      },
      {
         "ComponentDefID" : "Weapon_Flamer_Flamer_0-STOCK",
         "ComponentDefType" : "Weapon",
         "MountedLocation" : "Front",
         "HardpointSlot" : 0,
         "DamageLevel" : "Functional"
      }
   ]
}
