{
    "Name": "Better AI",
    "Enabled": true,
    
    "Version": "1.6.2.1",
    "Description": "Changes AI Behavior for a better AI experience, for BATTLETECH 1.6.2",
    "Author": "amechwarrior",
    "Website": "https://github.com/BattletechModders/BetterAI",

    "OptionallyDependsOn": [
        "cFixes", 
        "Z_Sab_JK_RarityTables"
    ],

    "Manifest": [
        { "Path": "lanceMerge", "Type": "AdvancedJSONMerge" },
        { "Path": "mechMerge", "Type": "AdvancedJSONMerge" }
    ]
}
