{
    "ID" : "hardpointdatadef_merlin",
    "HardpointData" : [
        {
            "location" : "leftarm",
            "weapons" : [
			[
			"chrPrfWeap_nightgyr_leftarm_ppc_eh1"
			],
			[
			"chrPrfWeap_nightgyr_leftarm_ppc_eh2"
			],
			[
			"chrPrfWeap_nightgyr_leftarm_ppc_eh3"	
			]
            ],
            "blanks" : [

            ],
            "mountingPoints" : [
                
            ]
        },
        {
            "location" : "lefttorso",
            "weapons" : [
			[
			"chrPrfWeap_nightgyr_lefttorso_ac10_bh1",
			"chrPrfWeap_nightgyr_lefttorso_ppc_eh1",
			"chrPrfWeap_nightgyr_lefttorso_mg_bh1",	
			"chrPrfWeap_nightgyr_lefttorso_laser_eh1",
			"chrPrfWeap_nightgyr_lefttorso_flamer_eh1",
			"chrPrfWeap_nightgyr_lefttorso_srm4_mh1",
			"chrPrfWeap_nightgyr_lefttorso_srm6_mh1",
			"chrPrfWeap_nightgyr_lefttorso_lrm15_mh1"
			]
			],
            "blanks" : [
			
            ],
            "mountingPoints" : [
                
            ]
        },
        {
            "location" : "rightarm",
            "weapons" : [
			[
			"chrPrfWeap_nightgyr_rightarm_ppc_eh1"
			],
			[
			"chrPrfWeap_nightgyr_rightarm_ppc_eh2"
			]
			],
            "blanks" : [
                
            ],
            "mountingPoints" : [
                
            ]
        },
        {
            "location" : "righttorso",
            "weapons" : [
			[
			"chrPrfWeap_nightgyr_righttorso_ac10_bh1",
			"chrPrfWeap_nightgyr_righttorso_mg_bh1",
			"chrPrfWeap_nightgyr_righttorso_laser_eh1",
			"chrPrfWeap_nightgyr_righttorso_flamer_eh1",
			"chrPrfWeap_nightgyr_righttorso_ppc_eh1",
			"chrPrfWeap_nightgyr_righttorso_srm6_mh1",
			"chrPrfWeap_nightgyr_righttorso_lrm15_mh1"
			],
			[
			"chrPrfWeap_nightgyr_righttorso_srm6_mh2",
			"chrPrfWeap_nightgyr_righttorso_lrm15_mh2"			
			]			
			],
            "blanks" : [
			
            ],
            "mountingPoints" : [
                
            ]
        },
        {
            "location" : "head",
            "weapons" : [
			[
			"chrPrfWeap_nightgyr_head_laser_eh1",
			"chrPrfWeap_nightgyr_head_flamer_eh1"
			]
            ],
            "blanks" : [
                
            ],
            "mountingPoints" : [
                
            ]
        },		
		{
            "location" : "centertorso",
            "weapons" : [
			[
			"chrPrfWeap_nightgyr_centertorso_laser_eh1",
			"chrPrfWeap_nightgyr_centertorso_flamer_eh1",
			"chrPrfWeap_nightgyr_centertorso_ppc_eh1"
			]			
			],
            "blanks" : [
                
            ],
            "mountingPoints" : [
                
            ]
        }
    ]
	
}