{
    "TargetID": "lancedef_mixed_d6_dynamic_mediumBattle2",
    "Instructions": [
        {
            "JSONPath": "LanceUnits[0].pilotTagSet.items",
            "Action": "ArrayAdd",
            "Value": "pilot_npc_gunner"
        },
        {
            "JSONPath": "LanceUnits[1].pilotTagSet.items",
            "Action": "ArrayAdd",
            "Value": "pilot_npc_defender"
        },
        {
            "JSONPath": "LanceUnits[2].excludedPilotTagSet.items",
            "Action": "Replace",
            "Value": [
                "pilot_npc_pilot",
                "pilot_npc_defender"
            ]
        },
        {
            "JSONPath": "LanceUnits[3].excludedPilotTagSet.items",
            "Action": "Replace",
            "Value": [
                "pilot_npc_pilot",
                "pilot_npc_defender"
            ]
        }
    ]
}
