{
    "TargetID": "lancedef_mech_d9_dynamic_assaultHeavyScout",
    "Instructions": [
        {
            "JSONPath": "LanceUnits[0].excludedPilotTagSet.items",
            "Action": "Replace",
            "Value": [
                "pilot_npc_skirmisher",
                "pilot_npc_lancer",
                "pilot_npc_sharpshooter",
                "pilot_npc_gladiator",
                "pilot_npc_brawler",
                "pilot_npc_sentinel"
            ]
        },
        {
            "JSONPath": "LanceUnits[3].excludedPilotTagSet.items",
            "Action": "Replace",
            "Value": [
                "pilot_npc_skirmisher",
                "pilot_npc_lancer",
                "pilot_npc_sharpshooter",
                "pilot_npc_gladiator",
                "pilot_npc_brawler",
                "pilot_npc_sentinel"
            ]
        }
    ]
}
