{
    "TargetID": "lancedef_mech_d4_dynamic_solo",
    "Instructions": [
        {
            "JSONPath": "LanceUnits[0].excludedPilotTagSet.items",
            "Action": "Replace",
            "Value": [
                "pilot_npc_tactician",
                "pilot_npc_sharpshooter",
                "pilot_npc_recon",
                "pilot_npc_sentinel"
            ]
        },
        {
            "JSONPath": "LanceUnits[1].excludedPilotTagSet.items",
            "Action": "Replace",
            "Value": [
                "pilot_npc_gunner",
                "pilot_npc_defender"
            ]
        }
    ]
}
