{
    "TargetID": "lancedef_mech_d9_dynamic_assaultHeavyFire",
    "Instructions": [
        {
            "JSONPath": "LanceUnits[0].excludedPilotTagSet.items",
            "Action": "Replace",
            "Value": [
                "pilot_npc_flanker",
                "pilot_npc_outrider",
                "pilot_npc_recon",
                "pilot_npc_brawler",
                "pilot_npc_sentinel"
            ]
        },
        {
            "JSONPath": "LanceUnits[1].excludedPilotTagSet.items",
            "Action": "Replace",
            "Value": [
                "pilot_npc_skirmisher",
                "pilot_npc_sharpshooter",
                "pilot_npc_flanker",
                "pilot_npc_recon",
                "pilot_npc_striker",
                "pilot_npc_scout"
            ]
        }
    ]
}
