{
    "TargetID": "lancedef_mech_d7_dynamic_HeavySupport",
    "Instructions": [
        {
            "JSONPath": "LanceUnits[0].excludedPilotTagSet.items",
            "Action": "Replace",
            "Value": [
                "pilot_npc_gunner",
                "pilot_npc_pilot",
                "pilot_npc_defender",
                "pilot_npc_tactician",
                "pilot_npc_flanker",
                "pilot_npc_outrider",
                "pilot_npc_recon",
                "pilot_npc_brawler",
                "pilot_npc_sentinel"
            ]
        },
        {
            "JSONPath": "LanceUnits[3].excludedPilotTagSet.items",
            "Action": "Replace",
            "Value": [
                "pilot_npc_gunner",
                "pilot_npc_pilot",
                "pilot_npc_defender",
                "pilot_npc_tactician",
                "pilot_npc_flanker",
                "pilot_npc_outrider",
                "pilot_npc_recon",
                "pilot_npc_brawler",
                "pilot_npc_sentinel"
            ]
        }
    ]
}
