{
    "TargetID": "lancedef_mixed_d7_dynamic_heavyBattle2",
    "Instructions": [
        {
            "JSONPath": "LanceUnits[0].excludedPilotTagSet.items",
            "Action": "Replace",
            "Value": [
                "pilot_npc_pilot",
                "pilot_npc_defender",
                "pilot_npc_lancer",
                "pilot_npc_outrider",
                "pilot_npc_gladiator",
                "pilot_npc_brawler",
                "pilot_npc_sentinel",
                "pilot_npc_vanguard"
            ]
        },
        {
            "JSONPath": "LanceUnits[1].excludedPilotTagSet.items",
            "Action": "Replace",
            "Value": [
                "pilot_npc_skirmisher",
                "pilot_npc_sharpshooter",
                "pilot_npc_flanker",
                "pilot_npc_recon",
                "pilot_npc_striker",
                "pilot_npc_scout"
            ]
        },
        {
            "JSONPath": "LanceUnits[2].excludedPilotTagSet.items",
            "Action": "Replace",
            "Value": [
                "pilot_npc_pilot",
                "pilot_npc_defender",
                "pilot_npc_lancer",
                "pilot_npc_outrider",
                "pilot_npc_gladiator",
                "pilot_npc_brawler",
                "pilot_npc_sentinel",
                "pilot_npc_vanguard"
            ]
        },
        {
            "JSONPath": "LanceUnits[3].excludedPilotTagSet.items",
            "Action": "Replace",
            "Value": [
                "pilot_npc_pilot",
                "pilot_npc_defender",
                "pilot_npc_lancer",
                "pilot_npc_outrider",
                "pilot_npc_gladiator",
                "pilot_npc_brawler",
                "pilot_npc_sentinel",
                "pilot_npc_vanguard"
            ]
        }
    ]
}
