{
    "TargetID": "lancedef_vehicle_d9_dynamic_AssaultBattle",
    "Instructions": [
        {
            "JSONPath": "LanceUnits[0].pilotTagSet.items",
            "Action": "ArrayAdd",
            "Value": "pilot_npc_skirmisher"
        },
        {
            "JSONPath": "LanceUnits[1].excludedPilotTagSet.items",
            "Action": "Replace",
            "Value": [
                "pilot_npc_lancer",
                "pilot_npc_outrider",
                "pilot_npc_gladiator",
                "pilot_npc_brawler",
                "pilot_npc_sentinel",
                "pilot_npc_vanguard"
            ]
        },
        {
            "JSONPath": "LanceUnits[2].pilotTagSet.items",
            "Action": "ArrayAdd",
            "Value": "pilot_npc_flanker"
        },
        {
            "JSONPath": "LanceUnits[3].excludedPilotTagSet.items",
            "Action": "Replace",
            "Value": [
                "pilot_npc_lancer",
                "pilot_npc_outrider",
                "pilot_npc_gladiator",
                "pilot_npc_brawler",
                "pilot_npc_sentinel",
                "pilot_npc_vanguard"
            ]
        }
    ]
}
