{
    "TargetID": "lancedef_mech_d10_dynamic_assaultCavalry",
    "Instructions": [
        {
            "JSONPath": "LanceUnits[0].excludedPilotTagSet.items",
            "Action": "Replace",
            "Value": [
                "pilot_npc_lancer",
                "pilot_npc_sharpshooter",
                "pilot_npc_gladiator",
                "pilot_npc_sentinel",
                "pilot_npc_striker",
                "pilot_npc_vanguard"
            ]
        },
        {
            "JSONPath": "LanceUnits[3].excludedPilotTagSet.items",
            "Action": "Replace",
            "Value": [
                "pilot_npc_skirmisher",
                "pilot_npc_lancer",
                "pilot_npc_flanker",
                "pilot_npc_gladiator"
            ]
        }
    ]
}
