{
    "MechTags": {
        "items": [
            "unit_indirectFire",
            "unit_jumpOK",
            "unit_mech",
            "unit_medium",
            "unit_lance_support",
            "unit_role_sniper",
            "unit_release"
        ],
        "tagSetSourceFile": ""
    },
    "ChassisID": "chassisdef_wyvern_WVE-6N",
    "HeraldryID": null,
    "Description": {
        "Cost": 4430000,
        "Rarity": 1,
        "Purchasable": true,
        "Manufacturer": null,
        "Model": null,
        "UIName": "Wyvern WVE-6N",
        "Id": "mechdef_wyvern_WVE-6N",
        "Name": "Wyvern",
        "Details": "The Wyvern was designed as an urban warfare BattleMech for the Star League Defense Force. While considered slow when compared to other medium 'Mechs, and indeed vulnerable if forced to engage in open country, the Wyvern quickly proved itself to be one of the best urban combatants ever built. Thanks to its combination of weaponry, decent armor and jump jets the Wyvern can take on and destroy 'Mechs well outside its weight class.",
        "Icon": "uixTxrIcon_wyvern"
    },
    "simGameMechPartCost": 440000,
    "Version": 1,
    "Locations": [
        {
            "DamageLevel": "Functional",
            "Location": "Head",
            "CurrentArmor": 45,
            "CurrentRearArmor": -1,
            "CurrentInternalStructure": 16,
            "AssignedArmor": 45,
            "AssignedRearArmor": -1
        },
        {
            "DamageLevel": "Functional",
            "Location": "LeftArm",
            "CurrentArmor": 60,
            "CurrentRearArmor": -1,
            "CurrentInternalStructure": 35,
            "AssignedArmor": 60,
            "AssignedRearArmor": -1
        },
        {
            "DamageLevel": "Functional",
            "Location": "LeftTorso",
            "CurrentArmor": 70,
            "CurrentRearArmor": 25,
            "CurrentInternalStructure": 55,
            "AssignedArmor": 70,
            "AssignedRearArmor": 25
        },
        {
            "DamageLevel": "Functional",
            "Location": "CenterTorso",
            "CurrentArmor": 90,
            "CurrentRearArmor": 35,
            "CurrentInternalStructure": 70,
            "AssignedArmor": 90,
            "AssignedRearArmor": 35
        },
        {
            "DamageLevel": "Functional",
            "Location": "RightTorso",
            "CurrentArmor": 70,
            "CurrentRearArmor": 25,
            "CurrentInternalStructure": 55,
            "AssignedArmor": 70,
            "AssignedRearArmor": 25
        },
        {
            "DamageLevel": "Functional",
            "Location": "RightArm",
            "CurrentArmor": 60,
            "CurrentRearArmor": -1,
            "CurrentInternalStructure": 35,
            "AssignedArmor": 60,
            "AssignedRearArmor": -1
        },
        {
            "DamageLevel": "Functional",
            "Location": "LeftLeg",
            "CurrentArmor": 100,
            "CurrentRearArmor": -1,
            "CurrentInternalStructure": 55,
            "AssignedArmor": 100,
            "AssignedRearArmor": -1
        },
        {
            "DamageLevel": "Functional",
            "Location": "RightLeg",
            "CurrentArmor": 100,
            "CurrentRearArmor": -1,
            "CurrentInternalStructure": 55,
            "AssignedArmor": 100,
            "AssignedRearArmor": -1
        }
    ],
    "inventory": [
        {
            "MountedLocation": "LeftTorso",
            "ComponentDefID": "Gear_JumpJet_Generic_Standard",
            "SimGameUID": null,
            "ComponentDefType": "JumpJet",
            "HardpointSlot": -1,
            "GUID": null,
            "DamageLevel": "Functional",
            "prefabName": null,
            "hasPrefabName": false
        },
        {
            "MountedLocation": "LeftTorso",
            "ComponentDefID": "Ammo_AmmunitionBox_Generic_LRM",
            "SimGameUID": null,
            "ComponentDefType": "AmmunitionBox",
            "HardpointSlot": -1,
            "GUID": null,
            "DamageLevel": "Functional",
            "prefabName": null,
            "hasPrefabName": false
        },
        {
            "MountedLocation": "LeftTorso",
            "ComponentDefID": "Gear_HeatSink_Generic_Standard",
            "SimGameUID": null,
            "ComponentDefType": "HeatSink",
            "HardpointSlot": -1,
            "GUID": null,
            "DamageLevel": "Functional",
            "prefabName": null,
            "hasPrefabName": false
        },
        {
            "MountedLocation": "CenterTorso",
            "ComponentDefID": "Weapon_LRM_LRM10_0-STOCK",
            "SimGameUID": null,
            "ComponentDefType": "Weapon",
            "HardpointSlot": 0,
            "GUID": null,
            "DamageLevel": "Functional",
            "prefabName": null,
            "hasPrefabName": false
        },
        {
            "MountedLocation": "RightTorso",
            "ComponentDefID": "Gear_JumpJet_Generic_Standard",
            "SimGameUID": null,
            "ComponentDefType": "JumpJet",
            "HardpointSlot": -1,
            "GUID": null,
            "DamageLevel": "Functional",
            "prefabName": null,
            "hasPrefabName": false
        },
        {
            "MountedLocation": "RightTorso",
            "ComponentDefID": "Weapon_SRM_SRM6_0-STOCK",
            "SimGameUID": null,
            "ComponentDefType": "Weapon",
            "HardpointSlot": 1,
            "GUID": null,
            "DamageLevel": "Functional",
            "prefabName": null,
            "hasPrefabName": false
        },
        {
            "MountedLocation": "RightTorso",
            "ComponentDefID": "Ammo_AmmunitionBox_Generic_SRM",
            "SimGameUID": null,
            "ComponentDefType": "AmmunitionBox",
            "HardpointSlot": -1,
            "GUID": null,
            "DamageLevel": "Functional",
            "prefabName": null,
            "hasPrefabName": false
        },
        {
            "MountedLocation": "RightTorso",
            "ComponentDefID": "Gear_HeatSink_Generic_Standard",
            "SimGameUID": null,
            "ComponentDefType": "HeatSink",
            "HardpointSlot": -1,
            "GUID": null,
            "DamageLevel": "Functional",
            "prefabName": null,
            "hasPrefabName": false
        },
        {
            "MountedLocation": "RightArm",
            "ComponentDefID": "Weapon_Laser_LargeLaser_0-STOCK",
            "SimGameUID": null,
            "ComponentDefType": "Weapon",
            "HardpointSlot": 0,
            "GUID": null,
            "DamageLevel": "Functional",
            "prefabName": null,
            "hasPrefabName": false
        },
        {
            "MountedLocation": "RightArm",
            "ComponentDefID": "Weapon_Laser_SmallLaser_0-STOCK",
            "SimGameUID": null,
            "ComponentDefType": "Weapon",
            "HardpointSlot": 0,
            "GUID": null,
            "DamageLevel": "Functional",
            "prefabName": null,
            "hasPrefabName": false
        },
        {
            "MountedLocation": "RightArm",
            "ComponentDefID": "Weapon_Laser_SmallLaser_0-STOCK",
            "SimGameUID": null,
            "ComponentDefType": "Weapon",
            "HardpointSlot": 0,
            "GUID": null,
            "DamageLevel": "Functional",
            "prefabName": null,
            "hasPrefabName": false
        },
        {
            "MountedLocation": "LeftLeg",
            "ComponentDefID": "Gear_JumpJet_Generic_Standard",
            "SimGameUID": null,
            "ComponentDefType": "JumpJet",
            "HardpointSlot": -1,
            "GUID": null,
            "DamageLevel": "Functional",
            "prefabName": null,
            "hasPrefabName": false
        },
        {
            "MountedLocation": "RightLeg",
            "ComponentDefID": "Gear_JumpJet_Generic_Standard",
            "SimGameUID": null,
            "ComponentDefType": "JumpJet",
            "HardpointSlot": -1,
            "GUID": null,
            "DamageLevel": "Functional",
            "prefabName": null,
            "hasPrefabName": false
        }
    ]
}