{
    "MechTags": {
        "items": [
            "unit_mech",
            "unit_light", 
            "unit_range_medium",
            "unit_speed_high",
            "unit_armor_low",
            "unit_lance_vanguard",
            "unit_role_scout",
            "unit_release"
        ],
        "tagSetSourceFile": ""
    },
    "ChassisID": "chassisdef_hermes_HER-1A",
    "HeraldryID": null,
    "Description": {
        "Cost": 3000000,
        "Rarity": 1,
        "Purchasable": true,
        "Manufacturer": null,
        "Model": null,
        "UIName": "Hermes HER-1A",
        "Id": "mechdef_hermes_HER-1A",
        "Name": "Hermes",
        "Details": "The Succession Wars would bring the Hermes out of storage to fight again, after being mothballed by the SLDF, this time in service to the Successor States as company and battalion-level scouts. The 1A Hermes is the downgraded refit of the 1S Hermes, the armor has been reduced by half, but otherwise there were no sacrifices in either speed or weaponry.",
        "Icon": "uixTxrIcon_hermes"
    },
    "simGameMechPartCost": 300000,
    "Version": 1,
    "Locations": [
        {
            "DamageLevel": "Functional",
            "Location": "Head",
            "CurrentArmor": 35,
            "CurrentRearArmor": -1,
            "CurrentInternalStructure": 16,
            "AssignedArmor": 35,
            "AssignedRearArmor": -1
        },
        {
            "DamageLevel": "Functional",
            "Location": "LeftArm",
            "CurrentArmor": 25,
            "CurrentRearArmor": -1,
            "CurrentInternalStructure": 25,
            "AssignedArmor": 25,
            "AssignedRearArmor": -1
        },
        {
            "DamageLevel": "Functional",
            "Location": "LeftTorso",
            "CurrentArmor": 30,
            "CurrentRearArmor": 10,
            "CurrentInternalStructure": 35,
            "AssignedArmor": 30,
            "AssignedRearArmor": 10
        },
        {
            "DamageLevel": "Functional",
            "Location": "CenterTorso",
            "CurrentArmor": 35,
            "CurrentRearArmor": 20,
            "CurrentInternalStructure": 50,
            "AssignedArmor": 35,
            "AssignedRearArmor": 20
        },
        {
            "DamageLevel": "Functional",
            "Location": "RightTorso",
            "CurrentArmor": 30,
            "CurrentRearArmor": 10,
            "CurrentInternalStructure": 35,
            "AssignedArmor": 30,
            "AssignedRearArmor": 10
        },
        {
            "DamageLevel": "Functional",
            "Location": "RightArm",
            "CurrentArmor": 25,
            "CurrentRearArmor": -1,
            "CurrentInternalStructure": 25,
            "AssignedArmor": 25,
            "AssignedRearArmor": -1
        },
        {
            "DamageLevel": "Functional",
            "Location": "LeftLeg",
            "CurrentArmor": 30,
            "CurrentRearArmor": -1,
            "CurrentInternalStructure": 35,
            "AssignedArmor": 30,
            "AssignedRearArmor": -1
        },
        {
            "DamageLevel": "Functional",
            "Location": "RightLeg",
            "CurrentArmor": 30,
            "CurrentRearArmor": -1,
            "CurrentInternalStructure": 35,
            "AssignedArmor": 30,
            "AssignedRearArmor": -1
        }
    ],
    "inventory": [
        {
            "MountedLocation": "LeftArm",
            "ComponentDefID": "Weapon_Flamer_Flamer_0-STOCK",
            "SimGameUID": null,
            "ComponentDefType": "Weapon",
            "HardpointSlot": 0,
            "GUID": null,
            "DamageLevel": "Functional",
            "prefabName": null,
            "hasPrefabName": false
        },
        {
            "MountedLocation": "CenterTorso",
            "ComponentDefID": "Weapon_Laser_MediumLaser_0-STOCK",
            "SimGameUID": null,
            "ComponentDefType": "Weapon",
            "HardpointSlot": 0,
            "GUID": null,
            "DamageLevel": "Functional",
            "prefabName": null,
            "hasPrefabName": false
        },
        {
            "MountedLocation": "RightArm",
            "ComponentDefID": "Weapon_Laser_MediumLaser_0-STOCK",
            "SimGameUID": null,
            "ComponentDefType": "Weapon",
            "HardpointSlot": 0,
            "GUID": null,
            "DamageLevel": "Functional",
            "prefabName": null,
            "hasPrefabName": false
        }
    ]
}