{
	"Description" : {
		"Id" : "AbilityDefGu5",
		"Name" : "BULWARK",
		"Details" : "PASSIVE: COVER and GUARDED states both provide 40% damage reduction rather than 20% damage reduction. COVER and GUARDED together provide 60% damage reduction. The Mech is +1 easier to hit while using Bulwark.",
		"Icon" : "uixSvgIcon_ability_fortify"
	},
    "DisplayParams" : "ShowInMWTRay",
	"ReqSkill" : "Guts",
	"ReqSkillLevel" : 5,
	"ActivationTime" : "Passive",
	"EffectData" :
	[
		{
			"durationData" :
			{
				"duration" : -1
			},
			"targetingData" :
			{
				"effectTriggerType" : "OnActivation",
				"effectTargetType" : "Creator"
			},
			"effectType" : "StatisticEffect",
			"Description" :
			{
				"Id" : "AbilityDefGu5",
				"Name" : "BULWARK",
				"Details" : "PASSIVE: COVER and GUARDED states both provide 40% damage reduction rather than 20% damage reduction. COVER and GUARDED together provide 60% damage reduction. The Mech is +1 easier to hit while using Bulwark.",
				"Icon" : "uixSvgIcon_ability_fortify"
			},
			"statisticData" :
			{
				"statName" : "GuardedIsUpgraded",
				"operation" : "Set",
				"modValue" : "true",
				"modType" : "System.Boolean"
			},
			"nature" : "Buff"
		}
	],
	"IsPrimaryAbility" : true
}
