{
	"Description" : {
		"Id" : "AbilityDefT8A",
		"Name" : "MASTER TACTICIAN",
		"Details" : "PASSIVE: 'Mechs piloted by this MechWarrior gain +1 Initiative, and can move after shooting if it has not moved yet.",
		"Icon" : "uixSvgIcon_ability_mastertactician"
	},
    "DisplayParams" : "ShowInMWTRay",
	"ReqSkill" : "Tactics",
	"ReqSkillLevel" : 8,
	"ActivationTime" : "Passive",
	"EffectData" :
	[
		{
			"durationData" :
			{
				"duration" : -1
			},
			"targetingData" : 
			{
				"effectTriggerType" : "OnActivation",
				"effectTargetType" : "Creator"
			},
			"effectType" : "StatisticEffect",
			"Description" :
			{
				"Id" : "AbilityDefT8A",
				"Name" : "MASTER TACTICIAN",
				"Details" : "PASSIVE: A 'Mech piloted by this MechWarrior can move after shooting if it has not moved yet.",
				"Icon" : "uixSvgIcon_ability_mastertactician"
			},
			"statisticData" : 
			{
				"statName" : "CanMoveAfterShooting",
				"operation" : "Set",
				"modValue" : "true",
				"modType" : "System.Boolean"
			},
			"nature" : "Buff"
		},
		{
			"durationData" :
			{
				"duration" : -1
			},
			"targetingData" : 
			{
				"effectTriggerType" : "OnActivation",
				"effectTargetType" : "Creator"
			},
			"effectType" : "StatisticEffect",
			"Description" :
			{
				"Id" : "AbilityDefT8A",
				"Name" : "MASTER TACTICIAN",
				"Details" : "+1 to base Initiative",
				"Icon" : "uixSvgIcon_ability_mastertactician"
			},
			"statisticData" : 
			{
				"statName" : "BaseInitiative",
				"operation" : "Int_Add",
				"modValue" : "-1",
				"modType" : "System.Int32"
			},
			"nature" : "Buff"
		},
	],
	"IsPrimaryAbility" : true
}
