{
    "Description": {
        "Cost": 8100000,
        "Rarity": 4,
        "Purchasable": true,
        "Manufacturer": "",
        "Model": "",
        "UIName": "Goliath",
        "Id": "chassisdef_goliath_GOL-1H",
        "Name": "Goliath",
        "Details": "Few assault 'Mechs mount Jump Jets, but the Victor 9B is one of 'em. With a large ballistic gun and supporting close-range weaponry, the 9B is a deadly opponent with superior mobility for its size. Unfortunately, this comes at the cost of armor.",
        "Icon": "uixTxrIcon_victor"
    },
    "MovementCapDefID": "movedef_goliath_GOL-1H",
    "PathingCapDefID": "pathingdef_assault",
	"HardpointDataDefID": "hardpointdatadef_bloodasp",
	"PrefabIdentifier": "chrprfmech_bloodaspbase-001",
	"PrefabBase": "bloodasp",
    "Tonnage": 80,
    "InitialTonnage": 37.5,
    "weightClass": "ASSAULT",
    "BattleValue": 8924000,
    "Heatsinks": 0,
    "TopSpeed": 120,
    "TurnRadius": 90,
    "MaxJumpjets": 4,
    "Stability": 200,
    "StabilityDefenses": [
        0,
        0,
        0,
        0,
        0,
        0
    ],
    "SpotterDistanceMultiplier": 1,
    "VisibilityMultiplier": 1,
    "SensorRangeMultiplier": 1,
    "Signature": 0,
    "Radius": 8,
    "PunchesWithLeftArm": true,
    "MeleeDamage": 100,
    "MeleeInstability": 80,
    "MeleeToHitModifier": 0,
    "DFADamage": 100,
    "DFAToHitModifier": 0,
    "DFASelfDamage": 100,
    "DFAInstability": 100,
    "Locations": [
        {
            "Location": "Head",
            "Hardpoints": [],
            "Tonnage": 0,
            "InventorySlots": 1,
            "MaxArmor": 45,
            "MaxRearArmor": -1,
            "InternalStructure": 16
        },
        {
            "Location": "LeftArm",
            "Hardpoints": [],
            "Tonnage": 0,
            "InventorySlots": 8,
            "MaxArmor": 130,
            "MaxRearArmor": -1,
            "InternalStructure": 65
        },
        {
            "Location": "LeftTorso",
            "Hardpoints": [
                {
                    "WeaponMount": "Missile",
                    "Omni": false
                },
                {
                    "WeaponMount": "AntiPersonnel",
                    "Omni": false
                }
            ],
            "Tonnage": 0,
            "InventorySlots": 10,
            "MaxArmor": 170,
            "MaxRearArmor": 85,
            "InternalStructure": 85
        },
        {
            "Location": "CenterTorso",
            "Hardpoints": [],
            "Tonnage": 0,
            "InventorySlots": 4,
            "MaxArmor": 250,
            "MaxRearArmor": 125,
            "InternalStructure": 125
        },
        {
            "Location": "RightTorso",
            "Hardpoints": [
                {
                    "WeaponMount": "Missile",
                    "Omni": false
                },
                {
                    "WeaponMount": "Energy",
                    "Omni": false
                },
                {
                    "WeaponMount": "AntiPersonnel",
                    "Omni": false
                }
            ],
            "Tonnage": 0,
            "InventorySlots": 10,
            "MaxArmor": 170,
            "MaxRearArmor": 85,
            "InternalStructure": 85
        },
        {
            "Location": "RightArm",
            "Hardpoints": [],
            "Tonnage": 0,
            "InventorySlots": 8,
            "MaxArmor": 130,
            "MaxRearArmor": -1,
            "InternalStructure": 65
        },
        {
            "Location": "LeftLeg",
            "Hardpoints": [],
            "Tonnage": 0,
            "InventorySlots": 4,
            "MaxArmor": 170,
            "MaxRearArmor": -1,
            "InternalStructure": 85
        },
        {
            "Location": "RightLeg",
            "Hardpoints": [],
            "Tonnage": 0,
            "InventorySlots": 4,
            "MaxArmor": 170,
            "MaxRearArmor": -1,
            "InternalStructure": 85
        }
    ],
    "LOSSourcePositions": [
        {
            "x": 0,
            "y": 17,
            "z": 0
        },
        {
            "x": 5,
            "y": 16,
            "z": -1
        },
        {
            "x": -5,
            "y": 16,
            "z": -1
        }
    ],
    "LOSTargetPositions": [
        {
            "x": 0,
            "y": 17,
            "z": 0
        },
        {
            "x": 5,
            "y": 16,
            "z": -1
        },
        {
            "x": -5,
            "y": 16,
            "z": -1
        },
        {
            "x": 3.5,
            "y": 5.5,
            "z": 1
        },
        {
            "x": -3.5,
            "y": 5.5,
            "z": 1
        }
    ],
    "VariantName": "GOL-1H",
    "ChassisTags": {
        "items": [],
        "tagSetSourceFile": ""
    },
    "StockRole": "Heavy Cavalry",
    "YangsThoughts": "Few assault 'Mechs mount Jump Jets, but the Victor 9B is one of 'em. With a large ballistic gun and supporting close-range weaponry, the 9B is a deadly opponent with superior mobility for its size. Unfortunately, this comes at the cost of armor."
}