{
   "Description" : {
      "Id" : "movedef_VONLUCKNER",
      "Name" : "MovementCapabilitiesDef for Von Luckner",
      "Details" : "",
      "Icon" : ""
   },
   "MaxWalkDistance" : 95.0,
   "MaxSprintDistance" : 165.0,
   "WalkVelocity" : 20.0,
   "RunVelocity" : 28.0,
   "SprintVelocity" : 31.0,
   "LimpVelocity" : 8.0,
   "WalkAcceleration" : 15.0,
   "SprintAcceleration" : 20.0,
   "MaxRadialVelocity" : 60.0,
   "MaxRadialAcceleration" : 180.0,
   "MaxJumpVel" : 80.0,
   "MaxJumpAccel" : 30.0,
   "MaxJumpVerticalAccel" : 60.0
}
