 {
	"Description" : {
		"Id" : "vehiclechassisdef_DRILLSON_SRM",
		"Name" : "Drillson SRM",
		"Details" : "",
		"Icon" : "MANTICORE",
		"Cost" : 993,
		"Rarity" : 3,
		"Purchasable" : false
	},
	"MovementCapDefID" : "movedef_DRILLSON",
   	"PathingCapDefID" : "pathingdef_medium_tracked",
   	"HardpointDataDefID" : "hardpointdatadef_sldfdrone",
	"PrefabIdentifier" : "chrPrfVhcl_sldfdrone",
	"PrefabBase" : "sldfdrone",
	"Tonnage" : 50,
	"weightClass" : "MEDIUM",
	"BattleValue" : 993,
	"TopSpeed" : 500,
	"TurnRadius" : 90,
	"movementType" : "Wheeled",
	"SpotterDistanceMultiplier" : 1,
    "VisibilityMultiplier" : 1,
    "SensorRangeMultiplier" : 1,
    "Signature" : 0,
	"Radius" : 4,
	"LOSSourcePositions" : [
		{
		    "x" : 0,
		    "y" : 3,
		    "z" : -0.5
	    },
		{
		    "x" : 0.0,
		    "y" : 1.5,
		    "z" : 3.5
	    }
	],
	"LOSTargetPositions" : [
		{
		    "x" : 0,
		    "y" : 3,
		    "z" : -0.5
	    },
		{
		    "x" : 0.0,
		    "y" : 1.5,
		    "z" : 3.5
	    },
		{
		    "x" : -2,
		    "y" : 2.5,
		    "z" : 0
	    },
		{
		    "x" : 2,
		    "y" : 2.5,
		    "z" : 0
	    },
		{
		    "x" : 0.0,
		    "y" : 1.6,
		    "z" : -4.0
	    }
	],
	"Locations" : [
		{
			"Location" : "Front",
			"Hardpoints" : [
				{
					"WeaponMount" : "Missile",
					"Omni" : false
				},
				{
					"WeaponMount" : "Missile",
					"Omni" : false
				},
				{
					"WeaponMount" : "Missile",
					"Omni" : false
				},
				{
					"WeaponMount" : "Missile",
					"Omni" : false
				},
				{
					"WeaponMount" : "AntiPersonnel",
					"Omni" : false
				},
				{
					"WeaponMount" : "AntiPersonnel",
					"Omni" : false
				}
			],
			"Tonnage" : 0,
			"InventorySlots" : 0,
			"MaxArmor" : 120,
			"InternalStructure" : 25
		},
		{
			"Location" : "Left",
			"Hardpoints" : [],
			"Tonnage" : 0,
			"InventorySlots" : 0,
			"MaxArmor" : 95,
			"InternalStructure" : 25
		},
		{
			"Location" : "Right",
			"Hardpoints" : [],
			"Tonnage" : 0,
			"InventorySlots" : 0,
			"MaxArmor" : 95,
			"InternalStructure" : 25
		},
		{
			"Location" : "Rear",
			"Hardpoints" : [],
			"Tonnage" : 0,
			"InventorySlots" : 0,
			"MaxArmor" : 90,
			"InternalStructure" : 25
		},
	  {
			"Location" : "Turret",
			"Hardpoints" : [
				{
					"WeaponMount" : "Missile",
					"Omni" : false
				},
				{
					"WeaponMount" : "Missile",
					"Omni" : false
				},
				{
					"WeaponMount" : "Energy",
					"Omni" : false
				}
			],
			"Tonnage" : 0,
			"InventorySlots" : 0,
			"MaxArmor" : 120,
			"InternalStructure" : 25
		}
	]
}
