{
	"Description" : {
		"Id" : "vehiclechassisdef_SCIMITAR_MISSILE",
		"Name" : "Scimitar Missile",
		"Details" : "",
		"Icon" : "MANTICORE",
		"Cost" : 993,
		"Rarity" : 3,
		"Purchasable" : false
	},
	"MovementCapDefID" : "movedef_SCIMITAR",
   	"PathingCapDefID" : "pathingdef_light_tracked",
   	"HardpointDataDefID" : "hardpointdatadef_sldfdrone",
	"PrefabIdentifier" : "chrPrfVhcl_sldfdrone",
	"PrefabBase" : "sldfdrone",
	"Tonnage" : 35,
	"weightClass" : "LIGHT",
	"BattleValue" : 993,
	"TopSpeed" : 500,
	"TurnRadius" : 90,
	"movementType" : "Wheeled",
	"SpotterDistanceMultiplier" : 1,
    "VisibilityMultiplier" : 1,
    "SensorRangeMultiplier" : 1,
    "Signature" : 0,
	"Radius" : 4,
	"LOSSourcePositions" : [
		{
		    "x" : 0,
		    "y" : 3,
		    "z" : -0.5
	    },
		{
		    "x" : 0.0,
		    "y" : 1.5,
		    "z" : 3.5
	    }
	],
	"LOSTargetPositions" : [
		{
		    "x" : 0,
		    "y" : 3,
		    "z" : -0.5
	    },
		{
		    "x" : 0.0,
		    "y" : 1.5,
		    "z" : 3.5
	    },
		{
		    "x" : -2,
		    "y" : 2.5,
		    "z" : 0
	    },
		{
		    "x" : 2,
		    "y" : 2.5,
		    "z" : 0
	    },
		{
		    "x" : 0.0,
		    "y" : 1.6,
		    "z" : -4.0
	    }
	],
	"Locations" : [
		{
			"Location" : "Front",
			"Hardpoints" : [],
			"Tonnage" : 0,
			"InventorySlots" : 0,
			"MaxArmor" : 105,
			"InternalStructure" : 20
		},
		{
			"Location" : "Left",
			"Hardpoints" : [],
			"Tonnage" : 0,
			"InventorySlots" : 0,
			"MaxArmor" : 90,
			"InternalStructure" : 20
		},
		{
			"Location" : "Right",
			"Hardpoints" : [],
			"Tonnage" : 0,
			"InventorySlots" : 0,
			"MaxArmor" : 90,
			"InternalStructure" : 20
		},
		{
			"Location" : "Rear",
			"Hardpoints" : [],
			"Tonnage" : 0,
			"InventorySlots" : 0,
			"MaxArmor" : 90,
			"InternalStructure" : 20
		},
        {
              "Location" : "Turret",
              "Hardpoints" : [
                  {
                      "WeaponMount" : "Missile",
                      "Omni" : false
                  },
                  {
                      "WeaponMount" : "Missile",
                      "Omni" : false
                  },
                  {
                      "WeaponMount" : "Missile",
                      "Omni" : false
                  }
              ],
              "Tonnage" : 0,
              "InventorySlots" : 0,
              "MaxArmor" : 105,
              "InternalStructure" : 20
          }
	]
}
