{
	"Description" : {
		"Id" : "vehiclechassisdef_PIKE_AC5",
		"Name" : "Pike AC5",
		"Details" : "",
		"Icon" : "MANTICORE",
		"Cost" : 993,
		"Rarity" : 4,
		"Purchasable" : false
	},
	"MovementCapDefID" : "movedef_PIKE",
   	"PathingCapDefID" : "pathingdef_heavy_tracked",
   	"HardpointDataDefID" : "hardpointdatadef_schreck",
	"PrefabIdentifier" : "chrPrfVhcl_schreck",
	"PrefabBase" : "schreck",
	"Tonnage" : 60,
	"weightClass" : "HEAVY",
	"BattleValue" : 993,
	"TopSpeed" : 85,
	"TurnRadius" : 90,
	"movementType" : "Tracked",
	"SpotterDistanceMultiplier" : 1,
    "VisibilityMultiplier" : 1,
    "SensorRangeMultiplier" : 1,
    "Signature" : 0,
	"Radius" : 4,
	"LOSSourcePositions" : [
		{
		    "x" : 0,
		    "y" : 3,
		    "z" : -0.5
	    },
		{
		    "x" : 0,
		    "y" : 1.5,
		    "z" : 4
	    }
	],
	"LOSTargetPositions" : [
		{
		    "x" : 0,
		    "y" : 3,
		    "z" : -0.5
	    },
		{
		    "x" : 0,
		    "y" : 1.5,
		    "z" : 4
	    },
		{
		    "x" : -2,
		    "y" : 2.5,
		    "z" : 0
	    },
		{
		    "x" : 2,
		    "y" : 2.5,
		    "z" : 0
	    },
		{
		    "x" : 0,
		    "y" : 1.5,
		    "z" : -4.5
	    }
	],
	"Locations" : [
		{
			"Location" : "Front",
			"Hardpoints" : [
				{
					"WeaponMount" : "Missile",
					"Omni" : false
				},
				{
					"WeaponMount" : "Missile",
					"Omni" : false
				}
			],
			"Tonnage" : 0,
			"InventorySlots" : 0,
			"MaxArmor" : 165,
			"InternalStructure" : 30
		},
		{
			"Location" : "Left",
			"Hardpoints" : [],
			"Tonnage" : 0,
			"InventorySlots" : 0,
			"MaxArmor" : 125,
			"InternalStructure" : 30
		},
		{
			"Location" : "Right",
			"Hardpoints" : [],
			"Tonnage" : 0,
			"InventorySlots" : 0,
			"MaxArmor" : 125,
			"InternalStructure" : 30
		},
		{
			"Location" : "Rear",
			"Hardpoints" : [
			],
			"Tonnage" : 0,
			"InventorySlots" : 0,
			"MaxArmor" : 125,
			"InternalStructure" : 30
		},
		{
			"Location" : "Turret",
			"Hardpoints" : [
				{
					"WeaponMount" : "Ballistic",
					"Omni" : false
				},
				{
					"WeaponMount" : "Ballistic",
					"Omni" : false
				}
			],
			"Tonnage" : 0,
			"InventorySlots" : 0,
			"MaxArmor" : 180,
			"InternalStructure" : 30
		}
	]
}
