{
	"Description" : {
		"Id" : "vehiclechassisdef_STURMFEUR",
		"Name" : "Sturmfeur",
		"Details" : "",
		"Icon" : "MANTICORE",
		"Cost" : 973,
		"Rarity" : 1,
		"Purchasable" : false
	},
	"MovementCapDefID" : "movedef_STURMFEUR",
   	"PathingCapDefID" : "pathingdef_assault_tracked",
   	"HardpointDataDefID" : "hardpointdatadef_demolisher",
	"PrefabIdentifier" : "chrPrfVhcl_demolisher",
	"PrefabBase" : "demolisher",
	"Tonnage" : 85,
	"weightClass" : "ASSAULT",
	"BattleValue" : 973,
	"TopSpeed" : 85,
	"TurnRadius" : 90,
	"movementType" : "Tracked",
	"SpotterDistanceMultiplier" : 1,
    "VisibilityMultiplier" : 1,
    "SensorRangeMultiplier" : 1,
    "Signature" : 0,
	"Radius" : 4,
	"LOSSourcePositions" : [
		{
		    "x" : 0,
		    "y" : 3.5,
		    "z" : -0.5
	    },
		{
		    "x" : 0,
		    "y" : 1.5,
		    "z" : 4.5
	    }
	],
	"LOSTargetPositions" : [
		{
		    "x" : 0,
		    "y" : 3.5,
		    "z" : -0.5
	    },
		{
		    "x" : 0,
		    "y" : 1.5,
		    "z" : 4.5
	    },
		{
		    "x" : -2,
		    "y" : 3,
		    "z" : 0
	    },
		{
		    "x" : 2,
		    "y" : 3,
		    "z" : 0
	    },
		{
		    "x" : 0,
		    "y" : 2,
		    "z" : -4.5
	    }
	],
	"Locations" : [
		{
			"Location" : "Front",
			"Hardpoints" : [
				{
					"WeaponMount" : "Missile",
					"Omni" : false
				}
			],
			"Tonnage" : 0,
			"InventorySlots" : 0,
			"MaxArmor" : 330,
			"InternalStructure" : 45
		},
		{
			"Location" : "Left",
			"Hardpoints" : [
			],
			"Tonnage" : 0,
			"InventorySlots" : 0,
			"MaxArmor" : 330,
			"InternalStructure" : 45
		},
		{
			"Location" : "Right",
			"Hardpoints" : [
			],
			"Tonnage" : 0,
			"InventorySlots" : 0,
			"MaxArmor" : 330,
			"InternalStructure" : 45
		},
		{
			"Location" : "Rear",
			"Hardpoints" : [
			],
			"Tonnage" : 0,
			"InventorySlots" : 0,
			"MaxArmor" : 240,
			"InternalStructure" : 45
		},
		{
			"Location" : "Turret",
			"Hardpoints" : [
				{
					"WeaponMount" : "Missile",
					"Omni" : false
				},
				{
					"WeaponMount" : "AntiPersonnel",
					"Omni" : false
				},
				{
					"WeaponMount" : "AntiPersonnel",
					"Omni" : false
				}
			],
			"Tonnage" : 0,
			"InventorySlots" : 0,
			"MaxArmor" : 330,
			"InternalStructure" : 45
		}
	]
}
