{
   "Description" : {
      "Id" : "movedef_flashman_FLS-7K",
      "Name" : "MovementCapabilitiesDef for Flashman FLS-7K",
      "Details" : "",
      "Icon" : ""
   },
   "MaxWalkDistance" : 120.0,
   "MaxSprintDistance" : 200.0,
   "WalkVelocity" : 20.0,
   "RunVelocity" : 28.0,
   "SprintVelocity" : 36.0,
   "LimpVelocity" : 8.0,
   "WalkAcceleration" : 15.0,
   "SprintAcceleration" : 20.0,
   "MaxRadialVelocity" : 70.0,
   "MaxRadialAcceleration" : 210.0,
   "MaxJumpVel" : 30.0,
   "MaxJumpAccel" : 15.0,
   "MaxJumpVerticalAccel" : 30.0
}
