{
   "Description" : {
      "Id" : "movedef_exterminator_EXT-4A",
      "Name" : "MovementCapabilitiesDef for Exterminator EXT-4A",
      "Details" : "",
      "Icon" : ""
   },
   "MaxWalkDistance" : 140.0,
   "MaxSprintDistance" : 240.0,
   "WalkVelocity" : 16.0,
   "RunVelocity" : 36.0,
   "SprintVelocity" : 44.0,
   "LimpVelocity" : 8.0,
   "WalkAcceleration" : 15.0,
   "SprintAcceleration" : 20.0,
   "MaxRadialVelocity" : 70.0,
   "MaxRadialAcceleration" : 210.0,
   "MaxJumpVel" : 30.0,
   "MaxJumpAccel" : 15.0,
   "MaxJumpVerticalAccel" : 30.0
}
