{
   "Description" : {
      "Id" : "movedef_falcon_FLC-4N",
      "Name" : "MovementCapabilitiesDef for Falcon FLC-4N",
      "Details" : "",
      "Icon" : ""
   },
   "MaxWalkDistance" : 165.0,
   "MaxSprintDistance" : 275.0,
   "WalkVelocity" : 16.0,
   "RunVelocity" : 28.0,
   "SprintVelocity" : 36.0,
   "LimpVelocity" : 8.0,
   "WalkAcceleration" : 30.0,
   "SprintAcceleration" : 40.0,
   "MaxRadialVelocity" : 40.0,
   "MaxRadialAcceleration" : 35.0,
   "MaxJumpVel" : 80.0,
   "MaxJumpAccel" : 30.0,
   "MaxJumpVerticalAccel" : 60.0
}
