{
   "Description" : {
      "Id" : "movedef_lancelot_LNC25-02",
      "Name" : "MovementCapabilitiesDef for Lancelot LNC25-02",
      "Details" : "",
      "Icon" : ""
   },
   "MaxWalkDistance" : 120.0,
   "MaxSprintDistance" : 200.0,
   "WalkVelocity" : 16.0,
   "RunVelocity" : 36.0,
   "SprintVelocity" : 44.0,
   "LimpVelocity" : 8.0,
   "WalkAcceleration" : 15.0,
   "SprintAcceleration" : 20.0,
   "MaxRadialVelocity" : 70.0,
   "MaxRadialAcceleration" : 210.0,
   "MaxJumpVel" : 30.0,
   "MaxJumpAccel" : 15.0,
   "MaxJumpVerticalAccel" : 30.0
}
