{
  "behaviorVariables": [
    {
	    /* Influence Factor Weight for preferring moving less. */
      "k": "Float_PreferLowerMovementFactorWeight",
      "v": {
        "type": "Float",
        "floatVal": -1.0
      }
    },
    {
	    /* Influence Factor Weight for preferring higher
	       elevations. */
      "k": "Float_PreferHigherPositionFactorWeight",
      "v": {
        "type": "Float",
        "floatVal": 0.0
      }
    },
    {
	    /* Influence Factor Weight to control the desire to be
	       inside water. */
      "k": "Float_PreferHigherHeatSinkLocationsFactorWeight",
      "v": {
        "type": "Float",
        "floatVal": -0.4
      }
    },
    {
	    /* Influence Factor Weight to control the desire to be
	       inside water WHEN SPRINTING. */
      "k": "Float_SprintPreferHigherHeatSinkLocationsFactorWeight",
      "v": {
        "type": "Float",
        "floatVal": -0.4
      }
    },
    {
	    /* A weight for an influence factor to prefer to get
	       inside melee range. Negative values will encourage
	       units to get out of melee range. */
      "k": "Float_PreferInsideMeleeRangeFactorWeight",
      "v": {
        "type": "Float",
        "floatVal": -5.0
      }
    },
    {
	    /* A weight for an influence factor to prefer to get
	       inside melee range WHEN SPRINTING. Negative values will
	       encourage units to get out of melee range. */
      "k": "Float_SprintPreferInsideMeleeRangeFactorWeight",
      "v": {
        "type": "Float",
        "floatVal": -5.0
      }
    },
    {
	    /* If my move would not result in being able to fire,
	       should I rewrite that move as a sprint? */
      "k": "Bool_RewriteNonAttackMoves",
      "v": {
        "type": "Bool",
        "boolVal": true
      }
    },
    {
	    /* Radius (in meters) to avoid sprinting within. */
      "k": "Float_SprintExclusionRadius",
      "v": {
        "type": "Float",
        "floatVal": 0.0
      }
    },
    {
	    /* Minimum number of stealth pips to allow for an ECM
		   ghosted mech to fire weapons */
      "k" : "Int_MinimumECMGhostedPipsToFire",
      "v" : {
        "type" : "Int",
        "intVal" : "2"
      }
    },
    {
	    /* Influence Factor Weight to control the desire to be in
	       locations with higher melee to-hit penalty.*/
      "k": "Float_PreferHigherMeleeToHitPenaltyLocationsFactorWeight",
      "v": {
        "type": "Float",
        "floatVal": 0.3
      }
    },
    {
	    /* Influence Factor Weight to control the desire to be in
	       locations with higher melee to-hit penalty WHEN
	       SPRINTING. */
      "k": "Float_SprintPreferHigherMeleeToHitPenaltyLocationsFactorWeight",
      "v": {
        "type": "Float",
        "floatVal": 0.3
      }
    }
  ]
}
