{
  "behaviorVariables": [
    {
	    /* Influence Factor Weight for preferring moving less. */
      "k": "Float_PreferLowerMovementFactorWeight",
      "v": {
        "type": "Float",
        "floatVal": -0.9
      }
    },
    {
	    /* Influence Factor Weight for preferring moving less WHEN
	       SPRINTING. */
      "k": "Float_SprintPreferLowerMovementFactorWeight",
      "v": {
        "type": "Float",
        "floatVal": -1.0
      }
    },
    {
	    /* Influence Factor Weight to maximize expected damage to
	       hostiles.
	       Hostile Factor: 1.0 / 0.5 / 0.25 based on threat */
      "k": "Float_PreferHigherExpectedDamageToHostileFactorWeight",
      "v": {
        "type": "Float",
        "floatVal": 4.5
      }
    },
    {
	    /* Influence Factor Weight to maximize expected damage to
	       hostiles WHEN SPRINTING.
	       Hostile Factor: 1.0 / 0.5 / 0.25 based on threat */
      "k": "Float_SprintPreferHigherExpectedDamageToHostileFactorWeight",
      "v": {
        "type": "Float",
        "floatVal": 0.1
      }
    },
    {
	    /* Optimal distance to nearest ally. (See
	       PreferOptimalDistanceToAllyFactor.) */
      "k": "Float_OptimalAllyDistance",
      "v": {
        "type": "Float",
        "floatVal": 120.0
      }
    },
    {
	    /* Influence Factor Weight to prefer locations close to
	       optimal distance to other allies. */
      "k": "Float_PreferOptimalDistanceToAllyFactorWeight",
      "v": {
        "type": "Float",
        "floatVal": 0.3
      }
    },
    {
	    /* Influence Factor Weight to control the desire to be
	       inside water. */
      "k": "Float_PreferHigherHeatSinkLocationsFactorWeight",
      "v": {
        "type": "Float",
        "floatVal": -0.2
      }
    },
    {
	    /* Influence Factor Weight to control the desire to be
	       inside water WHEN SPRINTING. */
      "k": "Float_SprintPreferHigherHeatSinkLocationsFactorWeight",
      "v": {
        "type": "Float",
        "floatVal": -0.2
      }
    },
    {
	    /* Influence Factor Weight to control the desire to be in
	       locations with movement bonus. */
      "k": "Float_PreferHigherMovementBonusLocationsFactorWeight",
      "v": {
        "type": "Float",
        "floatVal": 0.3
      }
    },
    {
	    /* Influence Factor Weight to control the desire to be in
	       locations with movement bonus WHEN SPRINTING. */
      "k": "Float_SprintPreferHigherMovementBonusLocationsFactorWeight",
      "v": {
        "type": "Float",
        "floatVal": 0.5
      }
    },
    {
	    /* A weight for an influence factor to prefer to get
	       inside melee range. Negative values will encourage
	       units to get out of melee range. */
      "k": "Float_PreferInsideMeleeRangeFactorWeight",
      "v": {
        "type": "Float",
        "floatVal": -4.0
      }
    },
    {
	    /* A weight for an influence factor to prefer to get
	       inside melee range WHEN SPRINTING. Negative values will
	       encourage units to get out of melee range. */
      "k": "Float_SprintPreferInsideMeleeRangeFactorWeight",
      "v": {
        "type": "Float",
        "floatVal": -4.0
      }
    },
    {
	    /* If my move would not result in being able to fire,
	       should I rewrite that move as a sprint? */
      "k": "Bool_RewriteNonAttackMoves",
      "v": {
        "type": "Bool",
        "boolVal": true
      }
    },
    {
	    /* Weight to prefer not being in locations that have
	       lethal amounts of expected damage */
      "k": "Float_PreferNotLethalPositionFactorWeight",
      "v": {
        "type": "Float",
        "floatVal": 0.7
      }
    },
    {
	    /* Weight to prefer sprinting to locations that do not
	       have lethal amounts of expected damage */
      "k": "Float_SprintPreferNotLethalPositionFactorWeight",
      "v": {
        "type": "Float",
        "floatVal": 1.0
      }
    },
    {
	    /* Influence Factor Weight to prefer moving to locations
	       where hostile fire could kill us from behind. A
	       negative weight will invert this to avoid such
	       locations.

	       See Also: Float_DefensiveOverkillFactor, which
	       determines what "lethal" means. */
      "k": "Float_PreferLethalDamageToRearArcFromHostileFactorWeight",
      "v": {
        "type": "Float",
        "floatVal": -2.0
      }
    },
    {
	    /* Influence Factor Weight to prefer moving to locations
	       where hostile fire could kill us from behind WHEN
	       SPRINTING. A negative weight will invert this to avoid
	       such locations.

	       See Also: Float_DefensiveOverkillFactor, which
	       determines what "lethal" means. */
      "k": "Float_SprintPreferLethalDamageToRearArcFromHostileFactorWeight",
      "v": {
        "type": "Float",
        "floatVal": -2.0
      }
    },
    {
	    /* Influence Factor to prefer this lance to surround hostile units.*/
      "k": "Float_PreferSurroundingHostileUnitsFactorWeight",
      "v": {
        "type": "Float",
        "floatVal": 0.6
      }
    },
    {
	    /* Influence Factor to prefer this lance to surround
	       hostile units WHEN SPRINTING.*/
      "k": "Float_SprintPreferSurroundingHostileUnitsFactorWeight",
      "v": {
        "type": "Float",
        "floatVal": 0.8
      }
    },
    {

      "k": "Float_PreferNotSurroundedByHostileUnitsFactorWeight",
      "v": {
        "type": "Float",
        "floatVal": 0.3
      }
    },
    {
	    /* Influence Factor to prefer not to be surrounded by hostile units.*/
      "k": "Float_SprintPreferNotSurroundedByHostileUnitsFactorWeight",
      "v": {
        "type": "Float",
        "floatVal": 0.3
      }
    },
    {
	    /* When a buddy is exposed to enemy fire alone, apply this
	     * weight to locations that DO NOT have line of fire to
	     * hostiles. Probably negative. */
      "k": "Float_BuddyAloneFiringSolutionPreferenceWeight",
      "v": {
        "type": "Float",
        "floatVal": -1.0
      }
    },
    {
	    /* Influence Factor Weight for standing still when hostiles are in melee range. */
      "k": "Float_PreferStationaryWhenHostilesInMeleeRangeFactorWeight",
      "v": {
        "type": "Float",
        "floatVal": -4.0
      }
    },
    {
	    /* Influence Factor Weight to prefer being far away from
	       closest hostile. Useful for defensive moves. */
      "k": "Float_PreferHigherDistanceFromClosestHostileFactorWeight",
      "v": {
        "type": "Float",
        "floatVal": 0.3
      }
    },
    {
	    /* Influence Factor Weight to prefer being far away WHEN
	       SPRINTING from closest hostile. Useful for defensive
	       moves. */
      "k": "Float_SprintPreferHigherDistanceFromClosestHostileFactorWeight",
      "v": {
        "type": "Float",
        "floatVal": 0.4
      }
    },
    {
	    /* Influence Factor Weight to prefer having LOS to
	       fewest hostiles. Useful for defensive moves. */
      "k": "Float_PreferLOSToFewestHostileFactorWeight",
      "v": {
        "type": "Float",
        "floatVal": 0.1
      }
    },
    {
	    /* Influence Factor Weight to prefer having LOS to fewest
	       hostiles WHEN SPRINTING. Useful for defensive moves. */
      "k": "Float_SprintPreferLOSToFewestHostileFactorWeight",
      "v": {
        "type": "Float",
        "floatVal": 0.3
      }
    },
    {
	    /* Influence Factor Weight to prefer having LOS to most
		hostiles. */
      "k": "Float_PreferLOSToMostHostilesFactorWeight",
      "v": {
        "type": "Float",
        "floatVal": 0.0
      }
    },
    {
	    /* Influence Factor Weight to prefer having LOS to most
		hostiles WHEN SPRINTING. */
      "k": "Float_SprintPreferLOSToMostHostilesFactorWeight",
      "v": {
        "type": "Float",
        "floatVal": 0.0
      }
    },
    {
	    /* Influence Factor Weight to control the desire to be in
	       locations with higher melee to-hit penalty.*/
      "k": "Float_PreferHigherMeleeToHitPenaltyLocationsFactorWeight",
      "v": {
        "type": "Float",
        "floatVal": 0.2
      }
    },
    {
	    /* Influence Factor Weight to control the desire to defend
	       my own weak armor. */
      "k": "Float_PreferPresentingHigherArmorToHostileFactorWeight",
      "v": {
        "type": "Float",
        "floatVal": 1.5
      }
    },
    {
	    /* Influence Factor Weight to control the desire to defend
	       my own weak armor WHEN SPRINTING. */
      "k": "Float_SprintPreferPresentingHigherArmorToHostileFactorWeight",
      "v": {
        "type": "Float",
        "floatVal": 1.5
      }
    },
    {
	    /* When choosing to turn the strongest armor towards the
	       enemy, the rear armor can be presented to the enemy if
	       the unit is in "offensive" mode, only if this is set to
	       True. */
      "k": "Bool_AllowTurningRearArmorToEnemy",
      "v": {
        "type": "Bool",
        "boolVal": true
      }
    }
  ]
}
